type,code,label,category,next_step,confidence
CARC,1,Counted toward the patient's deductible,patient_responsibility,PR: bill the patient,high
CARC,2,Patient's coinsurance share,patient_responsibility,PR: bill the patient,high
CARC,3,Patient's copay for the visit,patient_responsibility,PR: bill the patient,high
CARC,4,Modifier wrong or missing for this code,fix_and_resubmit,Fix the modifier and resubmit,high
CARC,5,Rejected: setting where it was done clashes with the code,fix_and_resubmit,Correct place of service and resubmit,high
CARC,6,Denied: the patient's age rules out this code,fix_and_resubmit,Verify code and age; correct and resubmit,high
CARC,7,Denied: service doesn't fit the patient's recorded sex,fix_and_resubmit,Verify patient sex and code; correct and resubmit,high
CARC,8,Provider's specialty doesn't fit the billed code,provider_enrollment,"Fix taxonomy/enrollment or rendering provider, then resubmit",high
CARC,9,Denied: the patient's age rules out this diagnosis,fix_and_resubmit,Correct diagnosis and resubmit,high
CARC,10,Payer remark — meaning not confirmed; check the payer's explanation,other,Read the payer's EOB text or call the payer,low
CARC,11,Denied: billed diagnosis doesn't justify this procedure,fix_and_resubmit,Review coding; correct diagnosis and resubmit,high
CARC,12,Denied: this kind of clinician wouldn't treat that diagnosis,fix_and_resubmit,"Review diagnosis and provider, resubmit",high
CARC,13,Service date is after the patient's date of death,fix_and_resubmit,Verify dates and patient identity,high
CARC,14,Rejected: visit date is earlier than the patient was born,fix_and_resubmit,Fix birth date or service date and resubmit,high
CARC,15,"Denied: prior-approval number absent, wrong, or for something else",authorization_or_referral,Add the correct authorization number; resubmit,high
CARC,16,Claim has gaps or errors; remark codes say what,fix_and_resubmit,"Check remark codes, correct, and resubmit",high
CARC,17,Denied: payer asked for more details and didn't get enough,fix_and_resubmit,Send the requested information,medium
CARC,18,Same claim or line was already processed,timely_filing_or_duplicate,Find the original claim; don't rebill,high
CARC,19,Work-related; workers' comp should pay,coordination_of_benefits,Bill the workers' comp carrier; PR: patient only if WC denies,high
CARC,20,Not ours to pay: an at-fault party's insurer owes this,coordination_of_benefits,Bill the liability carrier; PR: patient only if carrier denies,high
CARC,21,Denied: no-fault (auto) insurance should pay this first,coordination_of_benefits,Bill the no-fault/auto carrier first,high
CARC,22,Another insurer may be primary,coordination_of_benefits,Bill the primary payer; PR: bill patient only if no other coverage,high
CARC,23,Paid less: primary payer's payment or adjustment already applied,coordination_of_benefits,OA: no action; CO: write off; PR: bill patient,high
CARC,24,Nothing extra due: capitation payment already covers it,contractual_writeoff,Write off,high
CARC,25,Denied: stop-loss deductible not met (retired code),other,CO: write off; ask payer about stop-loss terms,high
CARC,26,Visit happened before coverage started,coverage_or_eligibility,Verify dates; bill other plan; PR: bill patient,high
CARC,27,Coverage had ended before the visit,coverage_or_eligibility,Verify eligibility; bill new plan; PR: bill patient,high
CARC,28,Denied: coverage not active on service date,coverage_or_eligibility,Verify eligibility; bill other coverage or patient,medium
CARC,29,Sent after the payer's filing deadline,timely_filing_or_duplicate,CO/PI: write off unless proof of timely filing; PR: bill patient,high
CARC,30,Denied: patient hasn't met eligibility or waiting rules,coverage_or_eligibility,Verify eligibility dates; bill correct party,medium
CARC,31,Payer can't match the patient to a member,coverage_or_eligibility,"Verify member ID and demographics, resubmit",high
CARC,32,Payer doesn't list patient as a covered dependent,coverage_or_eligibility,Verify dependent status; PR: bill patient if not covered,high
CARC,33,"Denied: subscriber's policy covers only themself, not family",coverage_or_eligibility,Bill other insurance; PR: bill patient,high
CARC,34,Denied: baby isn't enrolled or plan excludes infants,coverage_or_eligibility,Confirm newborn enrollment; bill correct coverage,high
CARC,35,Paid nothing: patient's lifetime cap is used up,not_covered_or_medical_necessity,CO: write off; PR: bill patient,high
CARC,36,Patient owes: balance is within the copay,patient_responsibility,PR: bill patient; CO: write off,medium
CARC,37,Patient owes: balance is within the deductible,patient_responsibility,PR: bill patient; CO: write off,medium
CARC,38,Denied: care came from or was okayed by an out-of-network clinician,authorization_or_referral,Get referral/authorization; appeal,medium
CARC,39,Authorization was refused when requested,authorization_or_referral,Appeal the auth denial or write off,high
CARC,40,Doesn't meet emergency or urgent care criteria,not_covered_or_medical_necessity,"PR: bill patient, or appeal with records",high
CARC,41,Paid less: PPO network discount taken,contractual_writeoff,Write off per contract,medium
CARC,42,Paid less: above payer's fee schedule or maximum,contractual_writeoff,Write off per contract,high
CARC,43,Paid less: federal budget reduction,contractual_writeoff,Write off,medium
CARC,44,Paid less: discount taken for prompt payment,contractual_writeoff,Write off per contract terms,high
CARC,45,Paid less: billed amount is above the payer's allowed rate,contractual_writeoff,CO/PI: write off; OA: no action; PR: bill patient (out-of-network),high
CARC,46,Denied: service not covered (retired code; now CARC 96),not_covered_or_medical_necessity,CO: write off; appeal if service is covered,high
CARC,47,"Denied: diagnosis code absent, bad, or excluded by plan",fix_and_resubmit,Review diagnosis codes; correct and resubmit,medium
CARC,48,Denied: plan excludes this service,not_covered_or_medical_necessity,PR: bill patient; CO: write off,medium
CARC,49,Routine or preventive exam not covered,not_covered_or_medical_necessity,PR: bill the patient,high
CARC,50,Payer judged it not medically necessary,not_covered_or_medical_necessity,Appeal if documented; CO: write off; PR: bill patient (with waiver),high
CARC,51,Denied: condition existed before coverage began,not_covered_or_medical_necessity,PR: bill the patient,high
CARC,52,Denied: referring or rendering provider not eligible,provider_enrollment,Verify provider enrollment; correct and resubmit,medium
CARC,53,Denied: care given by the patient's relative or household member,not_covered_or_medical_necessity,CO: write off; review with compliance,high
CARC,54,Assistant or multiple surgeons not covered here,not_covered_or_medical_necessity,Write off,high
CARC,55,Treated as experimental or investigational,not_covered_or_medical_necessity,PR: bill patient if waiver signed; else write off,high
CARC,56,Denied: payer sees no proof this treatment works,not_covered_or_medical_necessity,Write off or appeal with evidence,high
CARC,57,Paid less: records don't support the level or amount billed,not_covered_or_medical_necessity,Appeal with supporting documentation,medium
CARC,58,Done in a setting the payer won't accept,fix_and_resubmit,Correct place of service and resubmit,high
CARC,59,Paid less: second and later procedures priced at a discount,contractual_writeoff,Write off,high
CARC,60,Denied: outpatient care too close to an inpatient stay,bundled_or_included,Bill under the inpatient stay; else write off,medium
CARC,61,Paid less: required second surgical opinion wasn't obtained,authorization_or_referral,Check plan rules; appeal if opinion was obtained,high
CARC,62,Denied: authorization missing or exceeded,authorization_or_referral,Obtain authorization; appeal,high
CARC,63,Info: this posting fixes how an earlier claim was processed,other,Reconcile with original claim posting,medium
CARC,64,Info: payer flipped its earlier no after another look,payer_info,Post the new payment,high
CARC,65,Info: payer paid under a corrected procedure code,payer_info,Review the code change; appeal if wrong,medium
CARC,66,Patient owes: their share for blood products received,patient_responsibility,PR: bill patient; CO: write off,high
CARC,67,Payer remark — meaning not confirmed; check the payer's explanation,other,Read the payer's EOB text or call the payer,low
CARC,68,Info: DRG weight adjustment,other,Post as shown; verify DRG,medium
CARC,69,Info: inpatient day-outlier payment adjustment,other,Post as shown; verify against contract,medium
CARC,70,Info: inpatient cost-outlier payment adjustment,other,Post as shown; verify against contract,medium
CARC,71,Info: amount paid by the primary payer,coordination_of_benefits,Post primary payment; reconcile balance,medium
CARC,72,Patient owes: daily cost share for longer inpatient stays,patient_responsibility,PR: bill patient; CO: write off,medium
CARC,73,Payer remark — meaning not confirmed; check the payer's explanation,other,Read the payer's EOB text or call the payer,low
CARC,74,Info: add-on for hospitals that train residents,other,Post as shown; no action usually needed,medium
CARC,75,Info: payment for hospital's resident-training costs,other,Post as shown; no action usually needed,medium
CARC,76,Info: add-on for hospitals treating many low-income patients,other,Post as shown; no action usually needed,medium
CARC,77,Payer remark — meaning not confirmed; check the payer's explanation,other,Read the payer's EOB text or call the payer,low
CARC,78,Paid less: room charges or non-covered days adjusted,not_covered_or_medical_necessity,Review days billed; appeal if covered,medium
CARC,79,Payer remark — meaning not confirmed; check the payer's explanation,other,Read the payer's EOB text or call the payer,low
CARC,80,Payer remark — meaning not confirmed; check the payer's explanation,other,Read the payer's EOB text or call the payer,low
CARC,81,Payer remark — meaning not confirmed; check the payer's explanation,other,Read the payer's EOB text or call the payer,low
CARC,82,Info: periodic interim payment days,other,Post as shown,medium
CARC,83,Payer remark — meaning not confirmed; check the payer's explanation,other,Read the payer's EOB text or call the payer,low
CARC,84,Payer remark — meaning not confirmed; check the payer's explanation,other,Read the payer's EOB text or call the payer,low
CARC,85,Payer remark — meaning not confirmed; check the payer's explanation,other,Read the payer's EOB text or call the payer,low
CARC,86,Payer remark — meaning not confirmed; check the payer's explanation,other,Read the payer's EOB text or call the payer,low
CARC,87,Payer remark — meaning not confirmed; check the payer's explanation,other,Read the payer's EOB text or call the payer,low
CARC,88,Paid less: payer recouped an earlier overpayment,other,Match recoupment to the original overpaid claim,high
CARC,89,Paid less: physician's charge stripped out of the facility bill,other,Bill professional component on a separate claim,high
CARC,90,Paid less: payer lowered what it pays for the drug itself,contractual_writeoff,Post adjustment; check pharmacy contract pricing,high
CARC,91,Paid less: payer lowered the pharmacy's fee for filling it,contractual_writeoff,Post adjustment; check pharmacy contract pricing,high
CARC,92,Info: payer covered every dollar billed on this claim,payer_info,Post payment; close the claim,medium
CARC,93,Info: nothing taken off at the whole-claim level,payer_info,No action needed,medium
CARC,94,Info: payer processed more than the billed charge,payer_info,OA/PI: no action; check the charge wasn't underbilled,high
CARC,95,Denied: the plan's required steps were skipped,other,Review plan requirements; appeal if met,high
CARC,96,Plan doesn't cover this service,not_covered_or_medical_necessity,CO: write off; PR: bill patient,high
CARC,97,Bundled into another service paid on this claim,bundled_or_included,CO/PI: write off or add modifier; OA: review; PR: bill patient,high
CARC,98,"Rejected: inpatient hospital, not you, should bill this",fix_and_resubmit,Have the hospital bill it; write off,medium
CARC,99,Info: Medicare's share reduced because another insurer pays first,coordination_of_benefits,Reconcile with primary payment,medium
CARC,100,Payer sent the money to the patient,patient_responsibility,PR: collect the payer's payment from the patient,high
CARC,101,Info: pre-estimate; payment expected after service is completed,payer_info,Submit the claim once the service is done,high
CARC,102,Adjusted under the patient's major medical benefit,other,"PR: patient owes; OA: review EOB, no action",high
CARC,103,Paid less: practice's own promotional discount applied,contractual_writeoff,Write off the discount,high
CARC,104,Paid less: managed-care withhold kept by payer,contractual_writeoff,Write off; track for year-end withhold settlement,high
CARC,105,Paid less: tax withheld from this payment,other,Post the withholding; send to accounting,high
CARC,106,Denied: the plan choice the patient picked isn't active,coverage_or_eligibility,Verify patient's plan election; rebill correct option,medium
CARC,107,Denied: claim doesn't point to the linked service it depends on,fix_and_resubmit,Add the related claim/service info and resubmit,high
CARC,108,Denied: equipment rent-versus-buy requirements weren't satisfied,not_covered_or_medical_necessity,Review equipment rental/purchase rules,high
CARC,109,Wrong payer for this claim,coverage_or_eligibility,Find the correct payer and bill them,high
CARC,110,Rejected: claim billed before the service date,fix_and_resubmit,Wait until service is done; resubmit with correct dates,high
CARC,111,Denied: payer pays only if you take its payment as full charge,provider_enrollment,"Accept assignment and resubmit, or bill patient per rules",high
CARC,112,Denied: payer sees no proof patient personally got this service,fix_and_resubmit,Check documentation; appeal with records if valid,high
CARC,113,Denied: service outside the U.S. or due to war,not_covered_or_medical_necessity,PR: bill patient; CO: write off,medium
CARC,114,Denied: drug or device lacks FDA approval,not_covered_or_medical_necessity,CO: write off; PR: bill patient if waiver signed,high
CARC,115,Denied: service didn't happen as billed — called off or pushed back,other,Confirm service date; rebill when actually performed,high
CARC,116,Denied: patient's advance waiver notice wasn't valid,other,CO: write off; fix waiver process going forward,high
CARC,117,Paid less: transport covered only to nearest suitable facility,not_covered_or_medical_necessity,Review trip details; appeal if nearest facility used,high
CARC,118,Paid less: dialysis network fee deducted,contractual_writeoff,Write off the network fee,medium
CARC,119,Benefit cap for the period already used up,not_covered_or_medical_necessity,CO: write off; PR: bill patient,high
CARC,120,Denied: patient belongs to an HMO/managed plan that should pay,coordination_of_benefits,Bill the patient's managed care plan,medium
CARC,121,Payer remark — meaning not confirmed; check the payer's explanation,other,Read the payer's EOB text or call the payer,low
CARC,122,Paid less: psychiatric services reduction applied,contractual_writeoff,Post per plan rules; PR: bill patient; CO: write off,high
CARC,123,Info: payer sent money back because it overpaid,other,Reconcile refund with original payment,medium
CARC,124,Info: payer refund — patient not theirs,other,Reconcile refund; find correct payer,medium
CARC,125,Rejected: claim contains billing errors,fix_and_resubmit,"Check remark codes, correct errors, resubmit",high
CARC,126,Patient owes: major medical deductible,patient_responsibility,PR: bill patient; CO: write off,medium
CARC,127,Patient owes: major medical coinsurance,patient_responsibility,PR: bill patient; CO: write off,medium
CARC,128,Denied: newborn care is paid under the mother's claim,bundled_or_included,Write off or bill under mother's claim,high
CARC,129,Denied: prior payer's payment details on the claim look wrong,coordination_of_benefits,Fix primary payer's paid/adjustment info; resubmit,high
CARC,130,Paid less: payer charged a claim submission fee,other,Post the fee; review payer contract,high
CARC,131,Paid less: one-off discount agreed for this claim,contractual_writeoff,Write off,high
CARC,132,Payer remark — meaning not confirmed; check the payer's explanation,other,Read the payer's EOB text or call the payer,low
CARC,133,Claim on hold pending more review,payer_info,Wait for the final decision,high
CARC,134,Paid less: equipment/technical share taken out of the charge,other,Bill technical component to the correct party,high
CARC,135,Rejected: payer doesn't accept interim bills,fix_and_resubmit,Submit one final bill for the full stay,medium
CARC,136,Denied: rules set by the first insurer weren't followed,coordination_of_benefits,"Meet the primary payer's rules, then rebill secondary",high
CARC,137,Deducted for a state or regulatory tax or fee,payer_info,No action needed,high
CARC,138,Denied: appeal process or deadline not followed,timely_filing_or_duplicate,Refile appeal properly if still in time,medium
CARC,139,Payer remark — meaning not confirmed; check the payer's explanation,other,Read the payer's EOB text or call the payer,low
CARC,140,Rejected: patient name doesn't match the member ID,fix_and_resubmit,Verify ID card and name spelling; resubmit,high
CARC,141,Paid less: some dates fall where the patient had no coverage,coverage_or_eligibility,Split at coverage dates; bill other coverage,medium
CARC,142,Patient owes: monthly Medicaid share-of-cost amount,patient_responsibility,PR: bill patient; CO: write off,high
CARC,143,Info: some of this payment will arrive later,payer_info,Track the deferred amount until paid,high
CARC,144,Payment shifted by a payer incentive program,payer_info,Usually no action; review contract,high
CARC,145,Paid less: withheld for unpaid premium,other,Track; contact payer about premium status,medium
CARC,146,Rejected: ICD code was retired or not yet active then,fix_and_resubmit,Correct diagnosis code and resubmit,high
CARC,147,Paid less/denied: payer has no current agreed price loaded for you,provider_enrollment,"Ask payer to load current contract rate, then reprocess",high
CARC,148,Info needed from another provider is missing,fix_and_resubmit,Get the other provider's info and resubmit,high
CARC,149,Paid nothing: cap for this type of benefit is used up,not_covered_or_medical_necessity,Confirm benefit cap; bill patient only if PR,high
CARC,150,Records don't back up the level of service billed,not_covered_or_medical_necessity,Review notes; appeal or recode lower,high
CARC,151,More services or units than records support,not_covered_or_medical_necessity,Appeal with records; CO: write off; PR: bill patient,high
CARC,152,Paid less: notes don't justify how long care lasted,not_covered_or_medical_necessity,Appeal with documentation supporting the duration,high
CARC,153,Paid less: records don't support the dose billed,not_covered_or_medical_necessity,Appeal with documentation supporting the dose,high
CARC,154,Paid less: records don't support the days' supply,not_covered_or_medical_necessity,Appeal with documentation supporting the supply,high
CARC,155,Denied: patient said no to the service,other,Confirm service was provided; correct claim if not,high
CARC,156,Info: this money came from the patient's FSA account,payer_info,Post the FSA payment,medium
CARC,157,Denied: injury or illness tied to an act of war,not_covered_or_medical_necessity,PR: bill patient; CO: write off,high
CARC,158,Denied: patient was treated abroad,not_covered_or_medical_necessity,Check plan's foreign coverage; PR: bill patient,high
CARC,159,Denied: injury or illness tied to terrorism,not_covered_or_medical_necessity,PR: bill patient; CO: write off,high
CARC,160,Denied: injury came from an activity the plan excludes,not_covered_or_medical_necessity,PR: bill patient; CO: write off,high
CARC,161,Info: performance bonus included in payment,other,Post the bonus; no action needed,high
CARC,162,Info: state rule for property and casualty claim,other,Check remark codes for the specific rule,medium
CARC,163,Referenced attachment never arrived,fix_and_resubmit,Send the attachment,high
CARC,164,Attachment arrived too late,fix_and_resubmit,Resend or appeal with proof of timely sending,high
CARC,165,"Denied: no referral, or care went past what it allowed",authorization_or_referral,Obtain or update referral; appeal,medium
CARC,166,Denied: payer stopped handling claims for this plan before submission,coverage_or_eligibility,Find the current claims administrator and bill them,medium
CARC,167,Diagnosis isn't covered for this service,not_covered_or_medical_necessity,CO: write off; PR: bill patient,high
CARC,168,Denied: dental plan won't pay; medical plan handled it,coordination_of_benefits,Check medical plan decision,medium
CARC,169,Paid under an alternate benefit instead,not_covered_or_medical_necessity,CO: write off the difference; PR: bill patient,high
CARC,170,Not payable when this provider type bills it,provider_enrollment,"CO: fix enrollment and resubmit, else write off; PR: bill patient",high
CARC,171,Denied: this provider type can't bill in this facility type,provider_enrollment,Check billing provider and place of service; correct,high
CARC,172,Paid less: reduced for the billing provider's specialty,provider_enrollment,Verify specialty on file with payer,high
CARC,173,No physician prescription for this item,fix_and_resubmit,Get the order and resubmit,high
CARC,174,Denied: no order or prescription before the service,authorization_or_referral,Obtain dated order; appeal if one existed,high
CARC,175,Denied: the script lacks details the payer needs,fix_and_resubmit,Get a complete prescription; resubmit,high
CARC,176,Denied: prescription had expired,fix_and_resubmit,Get a current prescription; resubmit,high
CARC,177,Denied: patient doesn't qualify under the plan's enrollment rules,coverage_or_eligibility,PR: bill the patient,high
CARC,178,Patient owes: Medicaid spend-down not yet met,patient_responsibility,PR: bill patient; CO: write off,high
CARC,179,Denied: coverage waiting period hasn't passed yet,coverage_or_eligibility,PR: bill the patient,high
CARC,180,Denied: patient doesn't meet residency rules,coverage_or_eligibility,Verify residency and eligibility; bill other coverage,high
CARC,181,Rejected: code had expired or wasn't active yet on that date,fix_and_resubmit,Use a valid code and resubmit,high
CARC,182,"Rejected: modifier wasn't usable yet, or anymore, on that visit date",fix_and_resubmit,Correct the modifier and resubmit,high
CARC,183,Denied: the referring clinician can't send patients for this,provider_enrollment,"Fix referring provider's enrollment, then resubmit",high
CARC,184,Denied: whoever ordered this isn't allowed to order it,provider_enrollment,Verify ordering provider's enrollment; correct and resubmit,high
CARC,185,Denied: the clinician who did this isn't allowed to bill it,provider_enrollment,"Fix enrollment/credentialing or rendering provider, then resubmit",high
CARC,186,Adjusted: payment changed for a level-of-care change,other,CO: write off; appeal if billed level was correct,high
CARC,187,Covered from the patient's spending account (HSA/FSA),patient_responsibility,Post as patient payment; check balance,high
CARC,188,Denied: covered only when used per FDA labeling,not_covered_or_medical_necessity,Review usage; appeal with justification if appropriate,high
CARC,189,Unlisted code used when a specific one exists,fix_and_resubmit,Recode with the specific code and resubmit,high
CARC,190,Denied: included in the skilled nursing stay payment,bundled_or_included,Bill the skilled nursing facility or write off,high
CARC,191,Denied: workers' comp says injury isn't work-related,coordination_of_benefits,Bill patient's health plan,medium
CARC,192,Info: paper remittance adjustment without a standard code,other,Review the paper remittance for the reason,medium
CARC,193,Original decision upheld after review,other,Consider next appeal level or write off,high
CARC,194,Denied: anesthesia by surgeon or assistant isn't paid separately,bundled_or_included,Write off; don't bill anesthesia separately,high
CARC,195,Info: refund sent to a payer wrongly treated as primary,coordination_of_benefits,Update payer order; bill the correct primary,medium
CARC,196,Denied: plan follows the earlier insurer's no-coverage decision,coordination_of_benefits,Review prior payer's decision; appeal there if wrong,medium
CARC,197,No prior authorization on file,authorization_or_referral,Seek retro auth or appeal; CO: write off; PR: bill patient,high
CARC,198,Paid less: services exceeded the authorization,authorization_or_referral,Request extended auth; appeal with documentation,high
CARC,199,Rejected: revenue line and CPT/HCPCS code clash with each other,fix_and_resubmit,Correct the code pairing and resubmit,high
CARC,200,Patient had a coverage gap on this date,coverage_or_eligibility,Verify dates; CO: write off; PR: bill patient,high
CARC,201,Patient owes: covered by a settlement set-aside arrangement,patient_responsibility,PR: bill patient or set-aside account; CO: write off,high
CARC,202,"Denied: extras like TV or phone aren't medical, so unpaid",not_covered_or_medical_necessity,PR: bill patient; CO: write off,high
CARC,203,Paid less: service was stopped early or reduced,other,Confirm modifier and documentation; post adjustment,high
CARC,204,Not a benefit under the patient's current plan,not_covered_or_medical_necessity,CO: write off; PR: bill patient,high
CARC,205,Paid less: fee taken by the discount-card program,other,Post the fee,high
CARC,206,Rejected: no NPI for the provider on the claim,fix_and_resubmit,Add the NPI and resubmit,high
CARC,207,Provider NPI format is wrong,fix_and_resubmit,Correct the NPI and resubmit,high
CARC,208,Provider NPI doesn't match payer's records,fix_and_resubmit,Correct the NPI and resubmit,high
CARC,209,Info: can't collect from patient; refund any amount collected,contractual_writeoff,Refund patient if collected; write off balance,high
CARC,210,Denied: authorization requested too late,authorization_or_referral,Appeal with proof of timely request; else write off,high
CARC,211,Unpaid drug: its NDC falls outside the rebate program,not_covered_or_medical_necessity,Write off or bill a covered drug,high
CARC,212,Denied: payer won't cover add-on handling fees,not_covered_or_medical_necessity,Write off the surcharge,high
CARC,213,Denied: conflicts with self-referral rules,other,Review with compliance before any rebill,high
CARC,214,Denied: workers' comp decided the injury isn't payable,coordination_of_benefits,Bill patient's health plan,medium
CARC,215,Paid less: adjusted for a third-party settlement recovery,coordination_of_benefits,Check settlement details; bill liable party if allowed,high
CARC,216,Changed after an outside review organization's findings,other,Appeal if you disagree; CO: write off; PR: bill patient,high
CARC,217,Paid less: capped at what payer considers a typical fee,contractual_writeoff,Post per rules; appeal if underpaid,medium
CARC,218,Paid less: limited by benefits the claimant is entitled to,other,Review entitlement; bill other coverage,medium
CARC,219,Paid less: payer limited payment to the injured body area,other,Review injury scope; appeal with records if needed,medium
CARC,220,Paid less: jurisdiction fee schedule applied,contractual_writeoff,Post per fee schedule; appeal if wrong,medium
CARC,221,Info: workers' comp is still looking into this injury,payer_info,Wait for decision; follow up,medium
CARC,222,"Paid less: your agreed period cap on hours, days or units is used up",contractual_writeoff,CO: write off excess; limit isn't patient-specific,high
CARC,223,Info: adjustment required by law or regulation,other,Post as shown; check remark for the rule,high
CARC,224,Denied: possible identity theft; patient identity must be verified,coverage_or_eligibility,Verify patient identity with payer; resubmit,high
CARC,225,Info: payer penalty or interest (plan-to-plan reporting),other,Post as shown; no billing action,high
CARC,226,Payer asked us for info that never arrived,fix_and_resubmit,Send the requested info,high
CARC,227,Patient never sent info the payer asked for,other,"Patient contacts payer, then resubmit; PR: bill patient if unresolved",high
CARC,228,Denied: info requested by the prior payer was never supplied,coordination_of_benefits,Send prior payer the requested info; then rebill,high
CARC,229,Info: Medicare skipped part of the charge because of bill type,other,Review bill type; correct if wrong,medium
CARC,230,Denied: no matching procedure code exists for this service,fix_and_resubmit,Use an unlisted code with description and resubmit,medium
CARC,231,Can't be paid with another code the same day,bundled_or_included,Add modifier if truly distinct; else write off,high
CARC,232,Paid less: transfer-case payment rate applied,contractual_writeoff,Post per contract; verify transfer status,high
CARC,233,Denied: care fixed a problem the hospital caused; can't charge anyone,not_covered_or_medical_necessity,Write off; don't bill patient,high
CARC,234,Not paid on its own; folded into other services,bundled_or_included,Write off,high
CARC,235,Info: sales tax adjustment,other,Post the tax adjustment,high
CARC,236,Code pair not allowed same day under edit rules,bundled_or_included,Add modifier if distinct; else write off,high
CARC,237,Paid less: government-mandated penalty taken off,contractual_writeoff,Write off,high
CARC,238,Paid less: part of the claim falls outside coverage dates,coverage_or_eligibility,Bill uncovered dates to other coverage or patient,high
CARC,239,Rejected: claim crosses a coverage change; split and rebill,fix_and_resubmit,Split claim at coverage dates and resubmit,high
CARC,240,Denied: diagnosis clashes with how much the newborn weighed,fix_and_resubmit,Verify birth weight and diagnosis; resubmit,high
CARC,241,Patient owes: low-income subsidy copay,patient_responsibility,PR: bill patient; CO: write off,high
CARC,242,Denied: done by someone outside the patient's network or assigned PCP,coverage_or_eligibility,CO: write off; PR: patient owes; OA/PI: check contract,high
CARC,243,Unpaid: no sign-off from the patient's PCP or network,authorization_or_referral,PR: patient owes; get retro referral or appeal if allowed,high
CARC,244,"Denied: lawsuit in progress, so payer paid nothing",other,Track the case; follow up later,medium
CARC,245,Paid less: payer held back part pending quality-program results,contractual_writeoff,Write off; track for program settlement,high
CARC,246,Reporting-only code; no payment expected,payer_info,No action needed,high
CARC,247,Patient owes: deductible for professional care on a facility claim,patient_responsibility,PR: bill patient; CO: write off,high
CARC,248,Patient owes: coinsurance for professional care on a facility claim,patient_responsibility,PR: bill patient; CO: write off,high
CARC,249,Denied: flagged as a hospital readmission,other,Review readmission; appeal if unrelated stay,high
CARC,250,Denied: wrong attachment received; required document still missing,fix_and_resubmit,Send the correct attachment,high
CARC,251,Documents we sent were incomplete or lacking,fix_and_resubmit,Send complete documentation,high
CARC,252,Payer wants more documentation before deciding,fix_and_resubmit,Send the requested records,high
CARC,253,Medicare sequestration cut,contractual_writeoff,Write off,high
CARC,254,Denied: dental plan won't pay; send to the medical plan,coverage_or_eligibility,Submit to the patient's medical plan,high
CARC,255,Info: related injury claim pending litigation,payer_info,Wait for litigation outcome; follow up,medium
CARC,256,Denied: payer's network agreement with you rules out paying for this,contractual_writeoff,CO: write off; PR: patient owes; check contract terms,high
CARC,257,Undecided while patient is in premium grace period,coverage_or_eligibility,Recheck after the grace period ends,high
CARC,258,Denied: patient was in custody when served,coverage_or_eligibility,Bill the correctional authority responsible,high
CARC,259,Info: bonus for dental or vision use,other,Post the added payment,medium
CARC,260,Info: paid at Medicaid's higher ACA rate,payer_info,Post as paid,high
CARC,261,Denied: clashes with what's already in the patient's record,not_covered_or_medical_necessity,Review history and codes; appeal with records,high
CARC,262,Paid less: delivery cost adjusted,other,Post adjustment; check contract pricing,high
CARC,263,Paid less: shipping cost adjusted,other,Post adjustment; check contract pricing,high
CARC,264,Paid less: postage cost adjusted,other,Post adjustment; check contract pricing,high
CARC,265,Paid less: payer cut overhead/handling cost,other,Post adjustment; check contract pricing,high
CARC,266,Paid less: compounding cost adjusted,other,Post adjustment; check contract pricing,high
CARC,267,Rejected: service spans multiple months; split and rebill,fix_and_resubmit,Split by month and resubmit,high
CARC,268,Rejected: dates cross New Year; send one claim per year,fix_and_resubmit,Submit one claim per calendar year,high
CARC,269,Denied: plan won't pay for sedation with this procedure,not_covered_or_medical_necessity,PR: bill patient; CO: write off,high
CARC,270,Denied: medical plan won't pay; send to the dental plan,coverage_or_eligibility,Submit to the patient's dental plan,high
CARC,271,Info: earlier contract reduction tied to a periodic payment,contractual_writeoff,Post as shown; reconcile with payment schedule,medium
CARC,272,Denied: patient's case falls short of the plan's criteria for this service,not_covered_or_medical_necessity,Appeal if met; CO: write off; PR: patient owes,high
CARC,273,Went beyond program coverage limits,not_covered_or_medical_necessity,Write off or appeal,high
CARC,274,Denied: care-coordination deal already pays for this,contractual_writeoff,Write off per arrangement terms,high
CARC,275,Secondary won't pick up primary's patient share,coordination_of_benefits,PR: bill patient for primary's cost share,high
CARC,276,"Prior payer denied it, so this payer won't pay",coordination_of_benefits,Appeal with primary first; CO: write off if upheld,high
CARC,277,Info: this line is still under payer review,payer_info,Wait for final decision; follow up if delayed,high
CARC,278,Paid less: performance program standards not met,provider_enrollment,Review program requirements with payer,high
CARC,279,Denied: provider isn't in the member's narrow network,coverage_or_eligibility,"CO: write off, can't bill patient; check network",high
CARC,280,Denied: medical plan won't pay; send to the pharmacy plan,coverage_or_eligibility,Submit to the patient's pharmacy plan,high
CARC,281,Info: contract lets patient skip the deductible here,contractual_writeoff,Don't bill patient the deductible,high
CARC,282,Rejected: service code doesn't fit the bill type,fix_and_resubmit,Correct code or bill type and resubmit,high
CARC,283,Denied: doctor listed as attending can't oversee this patient's care,provider_enrollment,Verify attending provider credentials; correct claim,high
CARC,284,Denied: authorization number doesn't cover these services,authorization_or_referral,Get correct authorization; resubmit,high
CARC,285,Denied: appeal didn't follow the payer's process,other,Refile appeal using payer's required steps,medium
CARC,286,Denied: appeal filed after the deadline,timely_filing_or_duplicate,Write off unless proof of timely appeal,medium
CARC,287,Denied: services went beyond the referral,authorization_or_referral,Get updated referral; appeal,high
CARC,288,Denied: required referral is missing,authorization_or_referral,Obtain referral; resubmit or appeal,high
CARC,289,Denied: neither dental nor medical plan covers this,not_covered_or_medical_necessity,PR: bill patient; CO: write off,medium
CARC,290,Info: dental plan forwarded claim to the medical plan,coordination_of_benefits,Watch for medical plan's decision,high
CARC,291,Info: medical plan forwarded claim to the dental plan,coordination_of_benefits,Watch for dental plan's decision,high
CARC,292,Info: medical plan forwarded claim to the pharmacy plan,coordination_of_benefits,Watch for pharmacy plan's decision,high
CARC,293,Info: payment was sent to the employer,other,Collect from employer or confirm arrangement,high
CARC,294,"Info: check went to the patient's lawyer, not you",other,Contact attorney to collect payment,high
CARC,295,Paid less: pharmacy fee clawed back by the drug plan,contractual_writeoff,Post the fee; review pharmacy contract,high
CARC,296,Denied: authorization number doesn't apply to this provider,authorization_or_referral,Get authorization under correct provider; resubmit,medium
CARC,297,Denied: medical plan won't pay; send to the vision plan,coverage_or_eligibility,Submit to the patient's vision plan,high
CARC,298,Info: medical plan forwarded claim to the vision plan,coordination_of_benefits,Watch for vision plan's decision,high
CARC,299,Denied: the billing entity can't be paid by this payer,provider_enrollment,Check billing provider enrollment with payer,medium
CARC,300,Denied: vision plan won't pay; send to the medical plan,coverage_or_eligibility,Submit to the patient's medical plan,medium
CARC,301,Info: vision plan forwarded claim to the medical plan,coordination_of_benefits,Watch for medical plan's decision,medium
CARC,302,Denied: authorization number doesn't apply to this patient,authorization_or_referral,Verify authorization belongs to patient; resubmit,medium
CARC,303,Don't bill patient: QMB cost-sharing from prior payer not covered,contractual_writeoff,CO: write off; refund patient if collected,high
CARC,304,Payer remark — meaning not confirmed; check the payer's explanation,other,Read the payer's EOB text or call the payer,low
CARC,305,Payer remark — meaning not confirmed; check the payer's explanation,other,Read the payer's EOB text or call the payer,low
CARC,A0,Info: amount refunded to the patient,other,Post the patient refund,high
CARC,A1,Denied; remark codes give the reason,other,Read remark codes to decide next step,high
CARC,A2,Paid less: contract adjustment,contractual_writeoff,Write off per contract,high
CARC,A3,Info: Medicare secondary payer liability met,coordination_of_benefits,Reconcile balances across payers,medium
CARC,A4,Info: Medicare capital day-outlier amount,other,Post as shown,medium
CARC,A5,Info: Medicare capital cost-outlier amount,other,Post as shown,medium
CARC,A6,Denied: required prior hospital stay or transfer not met,not_covered_or_medical_necessity,Verify qualifying stay; PR: bill patient; CO: write off,high
CARC,A7,Info: presumptive payment adjustment,other,Post as shown; watch for final settlement,medium
CARC,A8,Rejected: claim can't be grouped into a DRG,fix_and_resubmit,Review diagnoses/procedures; correct and resubmit,high
CARC,B1,Denied: these visits aren't covered,not_covered_or_medical_necessity,PR: bill patient; CO: write off,high
CARC,B2,Info: covered visits,other,Post as shown,medium
CARC,B3,Info: covered charges,other,Post as shown,medium
CARC,B4,Paid less: penalty for filing late,timely_filing_or_duplicate,Write off the penalty,high
CARC,B5,Denied: plan rules for this service not met or exceeded,not_covered_or_medical_necessity,Review plan guidelines; appeal with documentation,high
CARC,B6,Paid less: adjusted for provider type billing it,provider_enrollment,Verify billing provider type and enrollment,medium
CARC,B7,Provider not credentialed for this on this date,provider_enrollment,"Fix enrollment effective dates with payer, then resubmit",high
CARC,B8,Payer says a different service should have been used,not_covered_or_medical_necessity,Write off or appeal,high
CARC,B9,Patient is enrolled in hospice,coverage_or_eligibility,Bill the hospice or correct modifier,high
CARC,B10,Cut because a part of the test was paid already,bundled_or_included,Write off,high
CARC,B11,Passed along to the proper payer,payer_info,Watch for payment from the other payer,high
CARC,B12,Records don't show this service was done,not_covered_or_medical_necessity,Check documentation; appeal if present,high
CARC,B13,Already paid on an earlier claim or payment,timely_filing_or_duplicate,Locate the prior payment; don't rebill,high
CARC,B14,Denied: only one visit per physician per day is paid,bundled_or_included,Combine visits or appeal if separate problem,high
CARC,B15,Denied: required qualifying service not yet received or paid,fix_and_resubmit,"Get qualifying service billed/paid first, then resubmit",high
CARC,B16,Doesn't qualify as a new-patient visit,fix_and_resubmit,Rebill as an established-patient visit,high
CARC,B17,"Denied: order/prescription missing, late, incomplete, or expired",authorization_or_referral,Get a valid prior order; resubmit,medium
CARC,B18,Rejected: procedure code or modifier invalid on service date,fix_and_resubmit,Correct codes and resubmit,medium
CARC,B19,Paid less: review organization's findings applied,not_covered_or_medical_necessity,Review findings; appeal if disputed,medium
CARC,B20,Another provider already did all or part of this,other,Confirm who performed it; appeal if wrong,high
CARC,B21,Paid less: part of care given by another doctor,bundled_or_included,Check split-care billing; correct modifiers,medium
CARC,B22,Reduced or denied based on the diagnosis,other,Review diagnosis coding,high
CARC,B23,Denied: lab's CLIA certificate doesn't cover this test,provider_enrollment,Update CLIA certification; write off,high
CARC,D1,Denied: level of subluxation missing or inadequate,fix_and_resubmit,Add subluxation detail; resubmit,medium
CARC,D2,"Rejected: drug name, strength, or dose missing",fix_and_resubmit,Add drug details; resubmit,medium
CARC,D3,Rejected: equipment ownership info missing,fix_and_resubmit,Add whether patient owns the equipment; resubmit,medium
CARC,D4,Rejected: length of need not stated,fix_and_resubmit,Add the duration of need; resubmit,medium
CARC,D5,Rejected: individual lab test codes missing,fix_and_resubmit,List component lab codes; resubmit,medium
CARC,D6,Payer remark — meaning not confirmed; check the payer's explanation,other,Read the payer's EOB text or call the payer,low
CARC,D7,Rejected: date of last doctor visit missing,fix_and_resubmit,Add most recent visit date; resubmit,medium
CARC,D8,Rejected: x-ray availability indicator missing,fix_and_resubmit,Add x-ray indicator; resubmit,medium
CARC,D9,Rejected: lens cost invoice or statement missing,fix_and_resubmit,Attach the cost invoice; resubmit,medium
CARC,D10,Denied: physician financial relationship form not on file,provider_enrollment,File the required form with payer,medium
CARC,D11,Rejected: pacemaker registration form missing,fix_and_resubmit,Submit the registration form; resubmit,medium
CARC,D12,Rejected: purchased test performer or cost not identified,fix_and_resubmit,Add test performer and cost; resubmit,medium
CARC,D14,Rejected: no sign that a treatment plan is on file,fix_and_resubmit,Indicate plan of care on file; resubmit,medium
CARC,D15,Rejected: no sign of physician supervision,fix_and_resubmit,Add supervising physician info; resubmit,medium
CARC,D16,Rejected: prior payer's payment info missing,coordination_of_benefits,Add primary payer details; resubmit,medium
CARC,D17,Rejected: non-covered days invalid,fix_and_resubmit,Correct non-covered days; resubmit,medium
CARC,D18,Rejected: units missing or invalid,fix_and_resubmit,Correct units; resubmit,medium
CARC,D19,Rejected: supporting documentation missing,fix_and_resubmit,Attach operative or supporting notes; resubmit,medium
CARC,D20,Rejected: service or product details missing,fix_and_resubmit,Add service/product details; resubmit,medium
CARC,D21,Rejected: diagnosis missing or invalid,fix_and_resubmit,Correct diagnosis codes; resubmit,medium
CARC,D22,Info: reasons will come in separate correspondence,payer_info,Watch for the payer's letter,medium
CARC,D23,Denied: dual-eligible patient's drugs fall under Medicare Part D,coordination_of_benefits,Bill the patient's Part D plan,medium
CARC,P1,Info: state rule for property and casualty claim,other,Check remark codes for the specific rule,medium
CARC,P2,Denied: workers' comp says injury isn't work-related,coordination_of_benefits,Bill patient's health plan,high
CARC,P3,Patient owes: workers' comp case settled; patient's settlement pays,patient_responsibility,PR: bill patient or set-aside account,high
CARC,P4,Denied: workers' comp ruled claim not compensable,coordination_of_benefits,Bill patient's health plan,high
CARC,P5,Paid less: limited to payer's usual-and-customary fee,contractual_writeoff,Post per jurisdiction rules; appeal if underpaid,high
CARC,P6,Paid less: limited by benefits the claimant is entitled to,other,Review entitlement; bill other coverage if any,medium
CARC,P7,Paid less: split by apportionment of injury causes,other,Bill remaining portion to other liable party,medium
CARC,P8,Paid less: adjusted under jurisdiction rules,other,Check jurisdiction fee rules; appeal if wrong,medium
CARC,P9,Denied: no matching procedure code for this service,fix_and_resubmit,Use appropriate code with description; resubmit,medium
CARC,P10,Denied: payment zeroed due to litigation,other,Track the case; follow up after litigation,high
CARC,P11,Payer remark — meaning not confirmed; check the payer's explanation,other,Read the payer's EOB text or call the payer,low
CARC,P12,Workers' comp fee schedule reduction,contractual_writeoff,Write off; don't bill injured worker the difference,high
CARC,P13,Workers' comp rules reduced or denied this,contractual_writeoff,Write off or appeal with the carrier,high
CARC,P14,Included in another already-processed service (P&C),bundled_or_included,Write off,high
CARC,P15,Paid less: workers' comp treatment guidelines applied,not_covered_or_medical_necessity,Appeal with records if guidelines met,medium
CARC,P16,Denied: provider not certified to treat injured workers here,provider_enrollment,Get workers' comp certification in this jurisdiction,high
CARC,P17,Denied: referral not authorized by the attending doctor,authorization_or_referral,Obtain attending doctor's referral; resubmit,medium
CARC,P18,Paid less: no fee schedule entry; paid like a similar service,contractual_writeoff,Post per jurisdiction rules; appeal if needed,medium
CARC,P19,Denied: fee schedule value for this service is zero,contractual_writeoff,Write off,medium
CARC,P20,Denied: not paid under the outpatient facility fee schedule,not_covered_or_medical_necessity,Review jurisdiction schedule; write off or appeal,medium
CARC,P21,Denied: auto MedPay/PIP rules or payment policy,coverage_or_eligibility,Review PIP denial; bill next payer if appropriate,high
CARC,P22,Paid less: auto insurer's MedPay/PIP rules cut the payment,contractual_writeoff,PI/CO: write off; don't bill the patient the difference,high
CARC,P23,Paid less: auto MedPay/PIP state fee schedule set the amount,contractual_writeoff,CO/PI: write off the amount above the fee schedule,high
CARC,P24,Reduced under PPO pricing (property and casualty),contractual_writeoff,Write off,high
CARC,P25,Payer remark — meaning not confirmed; check the payer's explanation,other,Read the payer's EOB text or call the payer,low
CARC,P26,Payer remark — meaning not confirmed; check the payer's explanation,other,Read the payer's EOB text or call the payer,low
CARC,P27,Payer remark — meaning not confirmed; check the payer's explanation,other,Read the payer's EOB text or call the payer,low
CARC,P28,Payer remark — meaning not confirmed; check the payer's explanation,other,Read the payer's EOB text or call the payer,low
CARC,P29,Payer remark — meaning not confirmed; check the payer's explanation,other,Read the payer's EOB text or call the payer,low
CARC,P30,Payer remark — meaning not confirmed; check the payer's explanation,other,Read the payer's EOB text or call the payer,low
CARC,P31,Payer remark — meaning not confirmed; check the payer's explanation,other,Read the payer's EOB text or call the payer,low
CARC,P32,Payer remark — meaning not confirmed; check the payer's explanation,other,Read the payer's EOB text or call the payer,low
CARC,W1,Paid less: workers' comp state fee schedule applied,contractual_writeoff,Write off per fee schedule,high
CARC,W2,Paid less: workers' comp jurisdiction rules applied,contractual_writeoff,Review rules; appeal if misapplied,medium
CARC,W3,Info: extra payment after appeal or reconsideration,payer_info,Post the additional payment,medium
CARC,W4,Info: no added payment after review or appeal,payer_info,Close appeal or escalate if warranted,medium
CARC,W5,Denied: provider not certified to treat injured workers here,provider_enrollment,Get workers' comp certification in this jurisdiction,medium
CARC,W6,Denied: referral not authorized by the attending doctor,authorization_or_referral,Obtain attending doctor's referral; resubmit,medium
CARC,W7,Paid less: no fee schedule entry; paid like a similar service,contractual_writeoff,Post per jurisdiction rules; appeal if needed,medium
CARC,W8,Denied: fee schedule value for this service is zero,contractual_writeoff,Write off,medium
CARC,W9,Denied: not paid under the outpatient facility fee schedule,not_covered_or_medical_necessity,Review jurisdiction schedule; write off or appeal,medium
CARC,Y1,Denied: auto medical-payments/PIP rules in this jurisdiction,coordination_of_benefits,Bill patient's health plan or other coverage,medium
CARC,Y2,Paid less: auto medical-payments/PIP rules in this jurisdiction,coordination_of_benefits,Bill remaining balance to secondary coverage,medium
CARC,Y3,Payer remark — meaning not confirmed; check the payer's explanation,other,Read the payer's EOB text or call the payer,low
RARC,M1,Denied: no recent X-ray on file to support spinal manipulation,not_covered_or_medical_necessity,Send the qualifying X-ray date or report,medium
RARC,M2,Denied: not paid separately while the patient was a hospital inpatient,bundled_or_included,Bill through the inpatient facility instead,medium
RARC,M3,Denied: patient already has the same or similar equipment,not_covered_or_medical_necessity,Confirm existing equipment; send documentation if replacement needed,medium
RARC,M4,Info: final monthly DME rental installment paid,payer_info,No action; stop rental billing for this item,high
RARC,M5,Info: rental pays monthly until the rental cap or need ends,payer_info,Informational; act on the paired CARC,medium
RARC,M6,Info: you must keep supplying and servicing this rental while needed,payer_info,Keep servicing the rented item; no action on claim,low
RARC,M7,Denied: rental payments stop once purchased or price is reached,contractual_writeoff,Stop billing rental for this item,medium
RARC,M8,Payer remark — meaning not confirmed; check the payer's explanation,other,Read the payer's EOB text or call the payer,low
RARC,M9,Payer remark — meaning not confirmed; check the payer's explanation,other,Read the payer's EOB text or call the payer,low
RARC,M10,Denied: equipment purchase allowed only at specific rental months,not_covered_or_medical_necessity,Rebill the purchase in an allowed month,medium
RARC,M11,Rejected: equipment and supplies go to the regional equipment contractor,fix_and_resubmit,Send the claim to the correct equipment contractor,high
RARC,M12,Needs: say whether purchased diagnostic tests are on this claim,fix_and_resubmit,Mark purchased-test status and resubmit,medium
RARC,M13,Only one first visit per specialty per group,not_covered_or_medical_necessity,Rebill as follow-up or write off,high
RARC,M14,Denied: injection-only visit; the office visit is not paid separately,bundled_or_included,Bill only the injection for injection-only visits,medium
RARC,M15,Separately billed tests combined as one procedure,bundled_or_included,Write off; don't rebill separately,high
RARC,M16,See payer's bulletins or website for policy details,payer_info,Informational; act on the paired CARC,high
RARC,M17,Info: paid because you could not have known it was uncovered,payer_info,Informational; act on the paired CARC,medium
RARC,M18,Denied: hospital or nursing facility does not count as patient's home,not_covered_or_medical_necessity,Confirm place of residence; bill the facility if appropriate,medium
RARC,M19,Needs: oxygen certification or recertification before the payer will pay,fix_and_resubmit,Send the oxygen certification or recertification to the payer,medium
RARC,M20,HCPCS code absent or wrong,fix_and_resubmit,Correct the code and resubmit,high
RARC,M21,Needs: valid patient residence for this home service on the claim,fix_and_resubmit,"Add or correct the patient residence for this home service, then resubmit",medium
RARC,M22,Needs: valid mileage count on the claim,fix_and_resubmit,"Add or correct the mileage count, then resubmit",high
RARC,M23,Invoice needed,fix_and_resubmit,Send the invoice,high
RARC,M24,Needs: valid doses per vial count on the claim,fix_and_resubmit,"Add or correct the doses per vial count, then resubmit",medium
RARC,M25,Denied/reduced: records don't support this level of service,not_covered_or_medical_necessity,Appeal with records or recode; patient liable only with ABN,high
RARC,M26,Payer remark — meaning not confirmed; check the payer's explanation,other,Read the payer's EOB text or call the payer,low
RARC,M27,Patient not liable: provider may owe the waived charges,contractual_writeoff,Write off or appeal the liability decision,medium
RARC,M28,Denied: not payable under outpatient benefit when inpatient benefit exhausted,coverage_or_eligibility,Check the patient's inpatient benefit status,medium
RARC,M29,Needs: operative report before the payer will pay,fix_and_resubmit,Send the operative report to the payer,high
RARC,M30,Needs: pathology report before the payer will pay,fix_and_resubmit,Send the pathology report to the payer,high
RARC,M31,Needs: radiology report before the payer will pay,fix_and_resubmit,Send the radiology report to the payer,high
RARC,M32,Info: conditional payment while primary payer decides,coordination_of_benefits,Bill the primary payer; refund if they pay,medium
RARC,M33,Payer remark — meaning not confirmed; check the payer's explanation,other,Read the payer's EOB text or call the payer,low
RARC,M34,Payer remark — meaning not confirmed; check the payer's explanation,other,Read the payer's EOB text or call the payer,low
RARC,M35,Needs: pre-surgery photos or visual field results before the payer will pay,fix_and_resubmit,Send the pre-surgery photos or visual field results to the payer,medium
RARC,M36,Needs: confirm patient was offered rental-to-purchase option in month 11,fix_and_resubmit,Document the purchase option offer and resubmit,medium
RARC,M37,Denied: not covered for patients under age 35,not_covered_or_medical_necessity,Check age limits; bill the patient if a waiver signed,medium
RARC,M38,Patient owes: they signed advance notice that this would not be paid,patient_responsibility,Bill the patient per the signed notice,medium
RARC,M39,Patient not liable: your advance notice did not meet the rules,contractual_writeoff,Write off; fix the advance notice process,medium
RARC,M40,Rejected: must be assigned and filed by the practitioner's employer,fix_and_resubmit,Have the employer file the claim with assignment,medium
RARC,M41,Denied: patient has no legal obligation to pay for this,not_covered_or_medical_necessity,Write off; payer won't cover what patient needn't pay,medium
RARC,M42,Needs: attending physician's own signature on the necessity form,fix_and_resubmit,Get the physician to sign and resubmit,medium
RARC,M43,Payer remark — meaning not confirmed; check the payer's explanation,other,Read the payer's EOB text or call the payer,low
RARC,M44,Needs: valid condition code on the claim,fix_and_resubmit,"Add or correct the condition code, then resubmit",medium
RARC,M45,Needs: valid occurrence code on the claim,fix_and_resubmit,"Add or correct the occurrence code, then resubmit",medium
RARC,M46,Needs: valid occurrence span code on the claim,fix_and_resubmit,"Add or correct the occurrence span code, then resubmit",medium
RARC,M47,Original claim reference number absent or wrong,fix_and_resubmit,Add correct claim number and resubmit,high
RARC,M48,Denied: only the hospital can be paid for inpatient non-physician services,bundled_or_included,Seek payment from the hospital,medium
RARC,M49,Needs: valid value code or amount on the claim,fix_and_resubmit,"Add or correct the value code or amount, then resubmit",medium
RARC,M50,Revenue code absent or wrong,fix_and_resubmit,Correct revenue code and resubmit,high
RARC,M51,Procedure code absent or wrong,fix_and_resubmit,Correct the code and resubmit,high
RARC,M52,Service start date absent or wrong,fix_and_resubmit,Correct the date and resubmit,high
RARC,M53,Needs: valid days or units on the claim,fix_and_resubmit,"Add or correct the days or units, then resubmit",high
RARC,M54,Total charges absent or wrong,fix_and_resubmit,Correct totals and resubmit,high
RARC,M55,Denied: self-given anti-nausea drug not paired with covered oral cancer drug,not_covered_or_medical_necessity,Confirm the paired cancer drug; otherwise write off,medium
RARC,M56,Needs: payer identifier missing or invalid,fix_and_resubmit,Correct payer ID; resubmit claim,high
RARC,M57,Payer remark — meaning not confirmed; check the payer's explanation,other,Read the payer's EOB text or call the payer,low
RARC,M58,Rejected: claim data incomplete or wrong; correct and resubmit,fix_and_resubmit,"Review claim fields, correct, and resubmit",medium
RARC,M59,Needs: valid end date of service on the claim,fix_and_resubmit,"Add or correct the end date of service, then resubmit",medium
RARC,M60,Certificate of medical necessity needed,fix_and_resubmit,Send the CMN and resubmit,high
RARC,M61,Denied: the clinical trial's approval period has ended,not_covered_or_medical_necessity,Confirm trial dates; write off if expired,medium
RARC,M62,Needs: valid authorization number on the claim,fix_and_resubmit,"Add or correct the authorization number, then resubmit",medium
RARC,M63,Denied: only one of these is paid per day,bundled_or_included,Bill one per day; check duplicates,medium
RARC,M64,Secondary diagnosis absent or wrong,fix_and_resubmit,Correct diagnosis and resubmit,high
RARC,M65,Rejected: only one interpreting physician charge allowed per claim,fix_and_resubmit,Split interpretation charges and resubmit,low
RARC,M66,Reduced: price limit applied only to technical part of test,contractual_writeoff,Informational; act on the paired CARC,low
RARC,M67,Needs: valid additional procedure code on the claim,fix_and_resubmit,"Add or correct the additional procedure code, then resubmit",medium
RARC,M68,"Needs: valid attending, ordering, rendering, or referring physician ID on the claim",fix_and_resubmit,Correct this field on the claim and resubmit,medium
RARC,M69,Paid at standard rate: no documentation for the modified code,contractual_writeoff,Send documentation if higher payment is justified,medium
RARC,M70,Info: drug code was converted for processing; keep sending it,payer_info,Keep reporting the drug code on future claims,medium
RARC,M71,Reduced: overlapping tests billed together,bundled_or_included,Informational; act on the paired CARC,low
RARC,M72,Rejected: dates must use the full four-digit year format,fix_and_resubmit,Fix date format and resubmit,medium
RARC,M73,Info: shortage-area bonus applies only to the professional part,payer_info,Informational; act on the paired CARC,medium
RARC,M74,Info: this service doesn't qualify for shortage-area bonus pay,payer_info,Informational; act on the paired CARC,medium
RARC,M75,Info: same-day automated lab tests were combined for payment,bundled_or_included,Informational; act on the paired CARC,medium
RARC,M76,Diagnosis absent or wrong,fix_and_resubmit,Correct diagnosis and resubmit,high
RARC,M77,Place of service absent or wrong,fix_and_resubmit,Correct place of service and resubmit,high
RARC,M78,Needs: valid procedure modifier on the claim,fix_and_resubmit,"Add or correct the procedure modifier, then resubmit",medium
RARC,M79,Charge amount absent or wrong,fix_and_resubmit,Correct the charge and resubmit,high
RARC,M80,Not covered on same day as an earlier service,bundled_or_included,Add modifier if distinct; else write off,high
RARC,M81,Code to the highest level of specificity,fix_and_resubmit,Use more specific codes and resubmit,high
RARC,M82,Denied: not covered for patients under age 50,not_covered_or_medical_necessity,Check age limits; bill the patient if a waiver signed,medium
RARC,M83,Denied: covered only for patients documented as high risk,not_covered_or_medical_necessity,Send high-risk documentation or write off,medium
RARC,M84,Rejected: codes must be the version valid on the service date,fix_and_resubmit,Recode with codes valid on the service date,medium
RARC,M85,Info: claim went through evaluation and management visit review,payer_info,Informational; act on the paired CARC,low
RARC,M86,Same or similar service already paid recently,not_covered_or_medical_necessity,Check frequency rules; appeal if needed,high
RARC,M87,Info: claim went through a prepayment review program,payer_info,Informational; act on the paired CARC,low
RARC,M88,Payer remark — meaning not confirmed; check the payer's explanation,other,Read the payer's EOB text or call the payer,low
RARC,M89,Denied: allowed only once for patients under 40,not_covered_or_medical_necessity,Check prior service dates; write off or bill patient,medium
RARC,M90,Denied: allowed only once per 12 months,not_covered_or_medical_necessity,Check last service date; rebill when eligible,medium
RARC,M91,Rejected: labs with different lab certificates need separate claims,fix_and_resubmit,Split by lab certificate and resubmit,medium
RARC,M92,Info: home health services went through a medical review,payer_info,Informational; act on the paired CARC,low
RARC,M93,Info: break in use confirmed; a new rental period started,payer_info,Informational; act on the paired CARC,low
RARC,M94,Info: no break in use shown; rental period continues,payer_info,Informational; act on the paired CARC,low
RARC,M95,Info: home health services went through an initial review,payer_info,Informational; act on the paired CARC,low
RARC,M96,Denied: the inpatient facility must bill the technical part,bundled_or_included,Bill the inpatient facility for the technical part,medium
RARC,M97,Denied: in this setting the facility's payment covers your service,bundled_or_included,Write off; facility payment includes this service,medium
RARC,M98,Info: start reporting the product number for this item,payer_info,Add product number on future claims,low
RARC,M99,Needs: valid product or serial number on the claim,fix_and_resubmit,"Add or correct the product or serial number, then resubmit",low
RARC,M100,Denied: oral anti-nausea drug not timed with covered chemotherapy,not_covered_or_medical_necessity,Confirm chemo timing; otherwise write off,medium
RARC,M101,Info: start adding the required modifier with this code,payer_info,Add the required modifier on future claims,low
RARC,M102,Denied: equipment used is not approved for this purpose,not_covered_or_medical_necessity,Confirm equipment approval; write off if not,medium
RARC,M103,"Denied: break in use confirmed, but need for item not supported",not_covered_or_medical_necessity,Send medical records showing need,low
RARC,M104,Payer remark — meaning not confirmed; check the payer's explanation,other,Read the payer's EOB text or call the payer,low
RARC,M105,"Denied: no break in use, and need for item not supported",not_covered_or_medical_necessity,Send medical records showing need,low
RARC,M106,Payer remark — meaning not confirmed; check the payer's explanation,other,Read the payer's EOB text or call the payer,low
RARC,M107,Reduced: dialysis patient's average blood count above the allowed limit,contractual_writeoff,Review anemia management records; appeal if wrong,medium
RARC,M108,Needs: valid ID of the provider who read the test on the claim,fix_and_resubmit,Correct this field on the claim and resubmit,medium
RARC,M109,Info: telehealth consult paid as bundle; share part with referrer,payer_info,Send the required share to the referring practitioner,medium
RARC,M110,Needs: valid ID of provider you bought the reading from on the claim,fix_and_resubmit,Correct this field on the claim and resubmit,medium
RARC,M111,Denied: no spinal manipulation payment when patient refused X-ray,not_covered_or_medical_necessity,Write off or bill patient per policy,medium
RARC,M112,Info: paid at the competitive-bid rate for patient's area,contractual_writeoff,Informational; act on the paired CARC,medium
RARC,M113,Info: patient started this item before the current bid contract,payer_info,Informational; act on the paired CARC,low
RARC,M114,Info: processed under competitive-bid or demonstration rules,payer_info,Informational; act on the paired CARC,medium
RARC,M115,Denied: item must come from a contracted/demonstration supplier,provider_enrollment,Use a contracted supplier; CO amounts can't be billed,high
RARC,M116,Payer remark — meaning not confirmed; check the payer's explanation,other,Read the payer's EOB text or call the payer,low
RARC,M117,Rejected: must be sent as an electronic claim,fix_and_resubmit,Resubmit electronically,medium
RARC,M118,Payer remark — meaning not confirmed; check the payer's explanation,other,Read the payer's EOB text or call the payer,low
RARC,M119,"NDC absent, wrong or inactive",fix_and_resubmit,Add a valid NDC and resubmit,high
RARC,M120,Needs: valid ID of substitute physician who covered on the claim,fix_and_resubmit,"Add or correct the ID of substitute physician who covered, then resubmit",medium
RARC,M121,Denied: paid only alongside a covered freezing-ablation procedure,not_covered_or_medical_necessity,Confirm the related ablation was billed and covered,medium
RARC,M122,Subluxation level absent or wrong,fix_and_resubmit,Add subluxation level and resubmit,high
RARC,M123,"Needs: valid drug name, strength, or dose on the claim",fix_and_resubmit,"Add or correct the drug name, strength, or dose, then resubmit",medium
RARC,M124,Needs: valid note on whether patient owns the equipment on the claim,fix_and_resubmit,Correct this field on the claim and resubmit,medium
RARC,M125,Needs: valid length of time the item is needed on the claim,fix_and_resubmit,Correct this field on the claim and resubmit,medium
RARC,M126,Needs: valid individual lab test codes in the panel on the claim,fix_and_resubmit,Correct this field on the claim and resubmit,medium
RARC,M127,Medical record for this service not received,fix_and_resubmit,Send the medical record,high
RARC,M128,Needs: valid date of patient's last physician visit on the claim,fix_and_resubmit,"Add or correct the date of patient's last physician visit, then resubmit",medium
RARC,M129,Needs: valid indicator that X-ray is available for review on the claim,fix_and_resubmit,Correct this field on the claim and resubmit,medium
RARC,M130,Needs: lens invoice showing cost and lens type before the payer will pay,fix_and_resubmit,Send the lens invoice showing cost and lens type to the payer,medium
RARC,M131,Needs: physician financial relationship form before the payer will pay,fix_and_resubmit,Send the physician financial relationship form to the payer,medium
RARC,M132,Needs: pacemaker registration form before the payer will pay,fix_and_resubmit,Send the pacemaker registration form to the payer,medium
RARC,M133,Needs: who performed the purchased test and what it cost,fix_and_resubmit,Add performer and cost of purchased test; resubmit,medium
RARC,M134,Info: performed where provider has a financial interest,payer_info,Informational; act on the paired CARC,low
RARC,M135,Needs: treatment plan before the payer will pay,fix_and_resubmit,Send the treatment plan to the payer,medium
RARC,M136,Needs: valid indication of physician supervision or review on the claim,fix_and_resubmit,"Add or correct the indication of physician supervision or review, then resubmit",medium
RARC,M137,Patient owes: coinsurance under a demonstration or pilot program,patient_responsibility,Bill patient their coinsurance,medium
RARC,M138,Denied: patient wasn't enrolled in the demonstration on service date,coverage_or_eligibility,Verify enrollment; bill under regular rules,medium
RARC,M139,Denied: demonstration coverage limit has been exceeded,coverage_or_eligibility,Bill patient or other coverage if allowed,medium
RARC,M140,Payer remark — meaning not confirmed; check the payer's explanation,other,Read the payer's EOB text or call the payer,low
RARC,M141,Needs: physician-signed care plan before the payer will pay,fix_and_resubmit,Send the physician-signed care plan to the payer,medium
RARC,M142,Needs: diabetes education program recognition certificate before the payer will pay,fix_and_resubmit,Send the diabetes education program recognition certificate to the payer,medium
RARC,M143,Rejected: your license information on file with payer is outdated,provider_enrollment,Update your license details with the payer,medium
RARC,M144,Pre/post-op care is included in the surgery payment,bundled_or_included,Write off,high
RARC,MA01,You can appeal if you disagree,payer_info,Informational; act on the paired CARC,high
RARC,MA02,Info: you may appeal if you disagree with this decision,payer_info,Appeal within the payer's deadline if you disagree,medium
RARC,MA03,Info: hearing rights apply if enough money is in dispute,payer_info,Request a hearing within deadline if you disagree,low
RARC,MA04,Primary payer info needed for secondary payment,coordination_of_benefits,Bill the secondary payer with the primary's payment info,high
RARC,MA05,"Rejected: admission date, patient status, or bill type mismatch",fix_and_resubmit,Correct the admission or bill-type fields; resubmit,low
RARC,MA06,Needs: valid start or end dates on the claim,fix_and_resubmit,"Add or correct the start or end dates, then resubmit",medium
RARC,MA07,Info: claim was also sent on to Medicaid,coordination_of_benefits,Watch for Medicaid's payment or remit,high
RARC,MA08,Info: claim not sent to supplemental insurer,coordination_of_benefits,Bill the supplemental insurer yourself,medium
RARC,MA09,Info: processed as assigned because you agreed to accept assignment,payer_info,Informational; act on the paired CARC,medium
RARC,MA10,Action: patient overpaid; refund them the excess,patient_responsibility,Refund the patient's overpayment,medium
RARC,MA11,Payer remark — meaning not confirmed; check the payer's explanation,other,Read the payer's EOB text or call the payer,low
RARC,MA12,Denied: right to bill for the performing person not established,provider_enrollment,Set up reassignment or billing rights with payer,medium
RARC,MA13,Don't bill patient beyond amounts marked PR,payer_info,Only bill patient the PR amounts,high
RARC,MA14,"Denied: patient's prepaid employer plan covers this, not us",coordination_of_benefits,Bill the patient's employer health plan,medium
RARC,MA15,Info: claim was split; other services come on separate notice,payer_info,Watch for the separate remit on remaining services,high
RARC,MA16,Rejected: patient covered by black lung program; bill Labor Department,coordination_of_benefits,Send the claim to the black lung program,medium
RARC,MA17,Info: we paid as primary; recover any overpayment from other insurer,coordination_of_benefits,Ask the other insurer to take back its payment,medium
RARC,MA18,Info: claim was also sent to the patient's supplemental insurer,coordination_of_benefits,Watch for the supplemental insurer's payment,high
RARC,MA19,Info: not sent to supplemental insurer due to bad insurer info,coordination_of_benefits,Bill the supplemental insurer directly with correct info,medium
RARC,MA20,Denied: nursing stay not covered when only for catheter convenience,not_covered_or_medical_necessity,Review stay justification; write off if unsupported,medium
RARC,MA21,Rejected: patient name and sex don't match government records,fix_and_resubmit,Verify patient demographics and resubmit,medium
RARC,MA22,Info: payment under one dollar was not issued,payer_info,Informational; act on the paired CARC,medium
RARC,MA23,Info: requested bill approved after medical review,payer_info,Informational; act on the paired CARC,medium
RARC,MA24,Denied: overlaps a religious nursing facility stay in same benefit period,coverage_or_eligibility,Verify benefit period history,low
RARC,MA25,Denied: patient can switch hospice providers only once per period,coverage_or_eligibility,Verify hospice election history,medium
RARC,MA26,Info: you were told about this rule before,payer_info,Informational; act on the paired CARC,medium
RARC,MA27,Member's entitlement number or name off,fix_and_resubmit,Correct member info and resubmit,high
RARC,MA28,Info: non-assigned provider gets this notice for information only,payer_info,Informational; act on the paired CARC,medium
RARC,MA29,Payer remark — meaning not confirmed; check the payer's explanation,other,Read the payer's EOB text or call the payer,low
RARC,MA30,Needs: valid type of bill on the claim,fix_and_resubmit,"Add or correct the type of bill, then resubmit",medium
RARC,MA31,Billing period dates absent or wrong,fix_and_resubmit,Correct dates and resubmit,high
RARC,MA32,Needs: valid covered days count on the claim,fix_and_resubmit,"Add or correct the covered days count, then resubmit",medium
RARC,MA33,Needs: valid non-covered days count on the claim,fix_and_resubmit,"Add or correct the non-covered days count, then resubmit",medium
RARC,MA34,Needs: valid coinsurance days count on the claim,fix_and_resubmit,"Add or correct the coinsurance days count, then resubmit",medium
RARC,MA35,Needs: valid lifetime reserve days count on the claim,fix_and_resubmit,"Add or correct the lifetime reserve days count, then resubmit",medium
RARC,MA36,Needs: valid patient name on the claim,fix_and_resubmit,"Add or correct the patient name, then resubmit",medium
RARC,MA37,Needs: valid patient address on the claim,fix_and_resubmit,"Add or correct the patient address, then resubmit",medium
RARC,MA38,Needs: valid patient birth date on the claim,fix_and_resubmit,"Add or correct the patient birth date, then resubmit",medium
RARC,MA39,Needs: valid patient sex on the claim,fix_and_resubmit,"Add or correct the patient sex, then resubmit",medium
RARC,MA40,Needs: valid admission date on the claim,fix_and_resubmit,"Add or correct the admission date, then resubmit",medium
RARC,MA41,Needs: valid admission type on the claim,fix_and_resubmit,"Add or correct the admission type, then resubmit",medium
RARC,MA42,Needs: valid admission source on the claim,fix_and_resubmit,"Add or correct the admission source, then resubmit",medium
RARC,MA43,Needs: valid patient status on the claim,fix_and_resubmit,"Add or correct the patient status, then resubmit",medium
RARC,MA44,Info: no appeal available; decision required by law,payer_info,No appeal; write off or bill per paired CARC,medium
RARC,MA45,Info: some or all payment is being held in a special account,payer_info,Contact payer about the withheld funds,medium
RARC,MA46,Info: new information reviewed; no extra payment,payer_info,Informational; act on the paired CARC,medium
RARC,MA47,Denied: you opted out of this program; patient pays you directly,provider_enrollment,Bill the patient under your private contract,medium
RARC,MA48,Needs: valid responsible party or primary payer name and address on the claim,fix_and_resubmit,Correct this field on the claim and resubmit,medium
RARC,MA49,Payer remark — meaning not confirmed; check the payer's explanation,other,Read the payer's EOB text or call the payer,low
RARC,MA50,Needs: valid device exemption or clinical trial number on the claim,fix_and_resubmit,"Add or correct the device exemption or clinical trial number, then resubmit",medium
RARC,MA51,Payer remark — meaning not confirmed; check the payer's explanation,other,Read the payer's EOB text or call the payer,low
RARC,MA52,Needs: valid date on the claim,fix_and_resubmit,"Add or correct the date, then resubmit",low
RARC,MA53,Needs: valid competitive bid demonstration ID on the claim,fix_and_resubmit,"Add or correct the competitive bid demonstration ID, then resubmit",low
RARC,MA54,Denied: hospice certification or election not received on time,timely_filing_or_duplicate,Check hospice paperwork dates; appeal if timely,medium
RARC,MA55,Denied: medical care revoked patient's religious non-medical care election,coverage_or_eligibility,Verify patient's election status,low
RARC,MA56,Payer remark — meaning not confirmed; check the payer's explanation,other,Read the payer's EOB text or call the payer,low
RARC,MA57,Info: patient revoked religious non-medical care election in writing,coverage_or_eligibility,Informational; act on the paired CARC,low
RARC,MA58,Needs: valid release of information indicator on the claim,fix_and_resubmit,"Add or correct the release of information indicator, then resubmit",medium
RARC,MA59,Action: patient overpaid; refund the difference within 30 days,patient_responsibility,Refund patient amount above their share,medium
RARC,MA60,Needs: valid patient relationship to insured on the claim,fix_and_resubmit,"Add or correct the patient relationship to insured, then resubmit",medium
RARC,MA61,Patient's Medicare or Social Security number off,fix_and_resubmit,Correct the member number and resubmit,high
RARC,MA62,Info: decision made through a telephone review,payer_info,Informational; act on the paired CARC,low
RARC,MA63,Principal diagnosis absent or wrong,fix_and_resubmit,Correct principal diagnosis and resubmit,high
RARC,MA64,Rejected: we pay third; send both prior payers' results first,coordination_of_benefits,Resubmit with primary and secondary payment details,medium
RARC,MA65,Needs: valid admitting diagnosis on the claim,fix_and_resubmit,"Add or correct the admitting diagnosis, then resubmit",medium
RARC,MA66,Needs: valid principal procedure code on the claim,fix_and_resubmit,"Add or correct the principal procedure code, then resubmit",medium
RARC,MA67,Correction of a previously processed claim,payer_info,Post the corrected amounts,high
RARC,MA68,Info: not sent to secondary insurer; secondary info incomplete,coordination_of_benefits,Bill secondary directly or fix its payer ID,medium
RARC,MA69,Needs: valid claim remarks on the claim,fix_and_resubmit,"Add or correct the claim remarks, then resubmit",low
RARC,MA70,Needs: valid provider representative signature on the claim,fix_and_resubmit,"Add or correct the provider representative signature, then resubmit",medium
RARC,MA71,Needs: valid provider representative signature date on the claim,fix_and_resubmit,"Add or correct the provider representative signature date, then resubmit",medium
RARC,MA72,Action: patient overpaid on assigned claim; refund within 30 days,patient_responsibility,Refund the patient's overpayment,medium
RARC,MA73,Info: no payment; patient is in managed care under a demonstration,coverage_or_eligibility,Bill the patient's managed care plan,medium
RARC,MA74,"Info: this payment replaces a lost, damaged, or returned payment",payer_info,Reconcile against the earlier voided payment,medium
RARC,MA75,Needs: valid patient or representative signature on the claim,fix_and_resubmit,"Add or correct the patient or representative signature, then resubmit",medium
RARC,MA76,Needs: valid home health or hospice agency ID for oversight on the claim,fix_and_resubmit,Correct this field on the claim and resubmit,medium
RARC,MA77,Action: patient overpaid; refund them within 30 days,patient_responsibility,Refund the patient's overpayment,medium
RARC,MA78,Payer remark — meaning not confirmed; check the payer's explanation,other,Read the payer's EOB text or call the payer,low
RARC,MA79,Info: billed above the interim rate,contractual_writeoff,Informational; act on the paired CARC,low
RARC,MA80,Info: no payment here; hospital paid for this under demonstration,bundled_or_included,Seek payment from the hospital,low
RARC,MA81,Needs: valid provider or supplier signature on the claim,fix_and_resubmit,"Add or correct the provider or supplier signature, then resubmit",medium
RARC,MA82,"Needs: valid billing provider ID, name, or address on the claim",fix_and_resubmit,"Add or correct the billing provider ID, name, or address, then resubmit",medium
RARC,MA83,Needs: valid indicator of whether we pay primary or secondary on the claim,fix_and_resubmit,Correct this field on the claim and resubmit,medium
RARC,MA84,Denied: patient not approved in the emphysema treatment study,coverage_or_eligibility,Verify study enrollment status,low
RARC,MA85,Needs: valid primary payer plan name or ID on the claim,fix_and_resubmit,"Add or correct the primary payer plan name or ID, then resubmit",medium
RARC,MA86,Needs: valid primary coverage group or policy number on the claim,fix_and_resubmit,"Add or correct the primary coverage group or policy number, then resubmit",medium
RARC,MA87,Needs: valid primary insured's name on the claim,fix_and_resubmit,"Add or correct the primary insured's name, then resubmit",medium
RARC,MA88,Needs: valid primary insured's address or phone on the claim,fix_and_resubmit,"Add or correct the primary insured's address or phone, then resubmit",medium
RARC,MA89,Needs: valid patient relationship to primary insured on the claim,fix_and_resubmit,"Add or correct the patient relationship to primary insured, then resubmit",medium
RARC,MA90,Needs: valid primary insured's employment status on the claim,fix_and_resubmit,"Add or correct the primary insured's employment status, then resubmit",medium
RARC,MA91,Info: this result comes from your appeal,payer_info,Informational; act on the paired CARC,medium
RARC,MA92,Other insurance plan details needed,coordination_of_benefits,Add other-insurance info and resubmit,high
RARC,MA93,Payer remark — meaning not confirmed; check the payer's explanation,other,Read the payer's EOB text or call the payer,low
RARC,MA94,Needs: statement that attending physician isn't a hospice employee,fix_and_resubmit,Add the attestation and resubmit,medium
RARC,MA95,Payer remark — meaning not confirmed; check the payer's explanation,other,Read the payer's EOB text or call the payer,low
RARC,MA96,"Rejected: billed as managed care demo, but patient isn't enrolled",coverage_or_eligibility,Verify enrollment and rebill correctly,medium
RARC,MA97,Needs: valid managed care demo contract or trial registry number on the claim,fix_and_resubmit,Correct this field on the claim and resubmit,low
RARC,MA98,Payer remark — meaning not confirmed; check the payer's explanation,other,Read the payer's EOB text or call the payer,low
RARC,MA99,Needs: valid supplemental (Medigap) insurer info on the claim,fix_and_resubmit,"Add or correct the supplemental (Medigap) insurer info, then resubmit",medium
RARC,MA100,Needs: valid date illness or symptoms began on the claim,fix_and_resubmit,"Add or correct the date illness or symptoms began, then resubmit",medium
RARC,MA101,Denied: the nursing facility must pay outside providers for residents,bundled_or_included,Bill the skilled nursing facility,medium
RARC,MA102,Payer remark — meaning not confirmed; check the payer's explanation,other,Read the payer's EOB text or call the payer,low
RARC,MA103,Info: hemophilia add-on payment applied,payer_info,Informational; act on the paired CARC,low
RARC,MA104,Payer remark — meaning not confirmed; check the payer's explanation,other,Read the payer's EOB text or call the payer,low
RARC,MA105,Needs: valid provider number for this place of service on the claim,fix_and_resubmit,Correct this field on the claim and resubmit,low
RARC,MA106,Info: claim under periodic interim payment arrangement,payer_info,Informational; act on the paired CARC,low
RARC,MA107,Rejected: too many items in one paper form box,fix_and_resubmit,Trim the box entries and resubmit,low
RARC,MA108,Rejected: only one item allowed in the paper form box,fix_and_resubmit,Correct the box entry and resubmit,low
RARC,MA109,Info: processed under surgery center rules,payer_info,Informational; act on the paired CARC,medium
RARC,MA110,Needs: valid indicator of whether tests were purchased outside on the claim,fix_and_resubmit,Correct this field on the claim and resubmit,medium
RARC,MA111,Needs: valid purchased test price or performing lab details on the claim,fix_and_resubmit,Correct this field on the claim and resubmit,medium
RARC,MA112,Needs: valid group practice details on the claim,fix_and_resubmit,"Add or correct the group practice details, then resubmit",medium
RARC,MA113,Rejected: tax ID doesn't match tax authority records,provider_enrollment,Correct your tax ID with the payer,medium
RARC,MA114,Needs: valid location where services were given on the claim,fix_and_resubmit,"Add or correct the location where services were given, then resubmit",medium
RARC,MA115,Needs: valid shortage-area service location on the claim,fix_and_resubmit,"Add or correct the shortage-area service location, then resubmit",medium
RARC,MA116,Needs: valid homebound statement for lab services on the claim,fix_and_resubmit,"Add or correct the homebound statement for lab services, then resubmit",medium
RARC,MA117,Info: a one-dollar user fee was taken from this claim,payer_info,Informational; act on the paired CARC,medium
RARC,MA118,"Info: veteran's facility claim; no payment, cost sharing applies",payer_info,Informational; act on the paired CARC,low
RARC,MA119,Reduced: late-filing penalty applied at the provider level,timely_filing_or_duplicate,Review filing timelines; file faster,medium
RARC,MA120,CLIA number absent or wrong,fix_and_resubmit,Add correct CLIA number and resubmit,high
RARC,MA121,Needs: valid X-ray date on the claim,fix_and_resubmit,"Add or correct the X-ray date, then resubmit",medium
RARC,MA122,Needs: valid first treatment date on the claim,fix_and_resubmit,"Add or correct the first treatment date, then resubmit",medium
RARC,MA123,Denied: your center isn't part of this study,provider_enrollment,Write off; center not approved for study,low
RARC,MA124,Info: processed only for teaching adjustment payment,payer_info,Informational; act on the paired CARC,low
RARC,MA125,Don't bill patient: program law makes this payment in full,contractual_writeoff,Write off balance; collect only listed patient share,high
RARC,MA126,Denied: pancreas transplant needs a kidney transplant too,not_covered_or_medical_necessity,Confirm kidney transplant; write off if absent,medium
RARC,MA127,Payer remark — meaning not confirmed; check the payer's explanation,other,Read the payer's EOB text or call the payer,low
RARC,MA128,Needs: valid device approval number on the claim,fix_and_resubmit,"Add or correct the device approval number, then resubmit",medium
RARC,MA129,Payer remark — meaning not confirmed; check the payer's explanation,other,Read the payer's EOB text or call the payer,low
RARC,MA130,"Bad claim data; no appeal, send a new claim",fix_and_resubmit,Fix and submit a new claim,high
RARC,MA131,Rejected: physician already paid under this demonstration claim,timely_filing_or_duplicate,Have physician withdraw claim and refund first,low
RARC,MA132,Payer remark — meaning not confirmed; check the payer's explanation,other,Read the payer's EOB text or call the payer,low
RARC,MA133,Rejected: dates overlap an inpatient stay,fix_and_resubmit,Rebill only services outside the inpatient stay,medium
RARC,MA134,Needs: valid ID of facility where patient lives on the claim,fix_and_resubmit,"Add or correct the ID of facility where patient lives, then resubmit",medium
RARC,N1,Info: you can appeal in writing within the time limits,payer_info,Appeal in writing if you disagree,medium
RARC,N2,Allowed per plan's most appropriate treatment rule,payer_info,Informational; act on the paired CARC,high
RARC,N3,Needs: signed consent form before the payer will pay,fix_and_resubmit,Send the signed consent form to the payer,medium
RARC,N4,Prior insurer's EOB absent or wrong,coordination_of_benefits,Attach primary EOB and resubmit,high
RARC,N5,Payer remark — meaning not confirmed; check the payer's explanation,other,Read the payer's EOB text or call the payer,low
RARC,N6,Don't bill patient above Medicare rate: FEHB retiree payment cap,contractual_writeoff,Write off above Medicare-equivalent amount; collect listed share only,high
RARC,N7,Info: processed under major medical benefits,payer_info,Informational; act on the paired CARC,medium
RARC,N8,Rejected: prior payer denied and full claim data didn't come over,coordination_of_benefits,Resubmit the full claim directly to this payer,medium
RARC,N9,Info: adjustment is the estimated amount a prior payer may pay,coordination_of_benefits,Informational; act on the paired CARC,low
RARC,N10,Result of a review or medical consultant decision,payer_info,Informational; act on the paired CARC,high
RARC,N11,Info: earlier denial reversed after medical review,payer_info,Informational; act on the paired CARC,medium
RARC,N12,Patient owes: not enrolled in the plan this supplements,patient_responsibility,Bill the patient for the uncovered share,medium
RARC,N13,Paid based on professional/technical component modifier,payer_info,Informational; act on the paired CARC,high
RARC,N14,"Info: paid per contract, fee schedule, or maximum allowed",contractual_writeoff,Informational; act on the paired CARC,medium
RARC,N15,Newborn services must be on their own claim,fix_and_resubmit,Bill newborn separately,high
RARC,N16,Out-of-pocket max met; paid at higher rate,payer_info,Informational; act on the paired CARC,high
RARC,N17,Patient owes: per-admission deductible,patient_responsibility,Bill the patient for the admission deductible,medium
RARC,N18,Info: paid using the Medicare allowed amount,contractual_writeoff,Informational; act on the paired CARC,medium
RARC,N19,Incidental to the main procedure,bundled_or_included,Write off,high
RARC,N20,Not payable with another service the same day,bundled_or_included,Write off or add modifier if distinct,high
RARC,N21,Info: your line was split into several lines,payer_info,Informational; act on the paired CARC,medium
RARC,N22,Payer swapped in a code it thinks fits better,payer_info,Review the new code; appeal if wrong,high
RARC,N23,Other coverage or benefit caps may change patient share,payer_info,Informational; act on the paired CARC,high
RARC,N24,Needs: valid electronic funds transfer bank details on the claim,fix_and_resubmit,"Add or correct the electronic funds transfer bank details, then resubmit",medium
RARC,N25,Payer remark — meaning not confirmed; check the payer's explanation,other,Read the payer's EOB text or call the payer,low
RARC,N26,Itemized bill needed,fix_and_resubmit,Send an itemized bill,high
RARC,N27,Payer remark — meaning not confirmed; check the payer's explanation,other,Read the payer's EOB text or call the payer,low
RARC,N28,Denied: consent form requirements not met,fix_and_resubmit,Get a compliant consent form and resubmit,medium
RARC,N29,Needs: supporting records before the payer will pay,fix_and_resubmit,Send the supporting records to the payer,high
RARC,N30,Patient not eligible for this service,coverage_or_eligibility,Verify eligibility; bill patient if appropriate,high
RARC,N31,Needs: valid prescriber ID on the claim,fix_and_resubmit,"Add or correct the prescriber ID, then resubmit",medium
RARC,N32,Rejected: the provider who performed the service must bill it,fix_and_resubmit,Have the rendering provider submit the claim,medium
RARC,N33,Denied: no health check on file before treatment began,not_covered_or_medical_necessity,Send proof of prior health check,low
RARC,N34,Wrong claim form or format,fix_and_resubmit,Rebill on the correct form,high
RARC,N35,Info: decided by program integrity or utilization review,payer_info,Informational; act on the paired CARC,medium
RARC,N36,Primary payer's requirements must be met first,coordination_of_benefits,"Resolve with primary payer, then rebill",high
RARC,N37,Tooth number or letter absent or wrong,fix_and_resubmit,Add tooth number and resubmit,high
RARC,N38,Payer remark — meaning not confirmed; check the payer's explanation,other,Read the payer's EOB text or call the payer,low
RARC,N39,Rejected: procedure doesn't match the tooth number given,fix_and_resubmit,Correct tooth number or procedure; resubmit,medium
RARC,N40,Needs: X-ray films or images before the payer will pay,fix_and_resubmit,Send the X-ray films or images to the payer,medium
RARC,N41,Payer remark — meaning not confirmed; check the payer's explanation,other,Read the payer's EOB text or call the payer,low
RARC,N42,Needs: mental health assessment before the payer will pay,fix_and_resubmit,Send the mental health assessment to the payer,low
RARC,N43,Denied: bed-hold or leave days limit exceeded,coverage_or_eligibility,Check leave-day limits; bill patient if allowed,medium
RARC,N44,Info: payer paid its share of surcharges directly to regulator,payer_info,Informational; act on the paired CARC,medium
RARC,N45,Paid up to the authorized amount,payer_info,Informational; act on the paired CARC,high
RARC,N46,Needs: valid admission hour on the claim,fix_and_resubmit,"Add or correct the admission hour, then resubmit",medium
RARC,N47,Rejected: claim overlaps another inpatient stay,timely_filing_or_duplicate,Check overlapping stays; correct dates and resubmit,medium
RARC,N48,Rejected: claim doesn't match other insurer's information,coordination_of_benefits,Reconcile with other insurer's data and resubmit,medium
RARC,N49,Needs: court-ordered coverage must be validated,coordination_of_benefits,Provide court-order coverage details to payer,medium
RARC,N50,Needs: valid discharge information on the claim,fix_and_resubmit,"Add or correct the discharge information, then resubmit",medium
RARC,N51,Rejected: no electronic trading agreement on file,provider_enrollment,Complete the payer's electronic billing agreement,medium
RARC,N52,Denied: patient wasn't in this provider's managed-care plan that day,coverage_or_eligibility,Verify plan assignment; bill the correct plan,high
RARC,N53,Needs: valid pick-up address on the claim,fix_and_resubmit,"Add or correct the pick-up address, then resubmit",medium
RARC,N54,Rejected: claim doesn't match what was authorized,authorization_or_referral,Compare claim to authorization; correct or reauthorize,medium
RARC,N55,Denied: group/rendering/referring provider billing rules not followed,fix_and_resubmit,Fix billing/rendering/referring NPIs; resubmit,high
RARC,N56,Code not right for the service or date,fix_and_resubmit,Correct the code and resubmit,high
RARC,N57,Needs: valid prescription dispensed date on the claim,fix_and_resubmit,"Add or correct the prescription dispensed date, then resubmit",low
RARC,N58,Patient liability amount absent or wrong,fix_and_resubmit,Correct and resubmit,high
RARC,N59,See provider manual for program details,payer_info,Informational; act on the paired CARC,high
RARC,N60,Needs: valid drug code (NDC) on the claim,fix_and_resubmit,"Add or correct the drug code (NDC), then resubmit",low
RARC,N61,Rejected: bill these services on separate claims,fix_and_resubmit,Split into separate claims and resubmit,medium
RARC,N62,Rejected: dates cross rate periods; split into separate claims,fix_and_resubmit,Split by rate period and resubmit,medium
RARC,N63,Rejected: bill these services on separate lines,fix_and_resubmit,Split into separate lines and resubmit,medium
RARC,N64,Rejected: start and end dates must differ,fix_and_resubmit,Fix the date range and resubmit,medium
RARC,N65,"Denied: no rate on file for this code, date, or provider",provider_enrollment,Check rate setup with the payer,medium
RARC,N66,Payer remark — meaning not confirmed; check the payer's explanation,other,Read the payer's EOB text or call the payer,low
RARC,N67,Denied: professional services paid within facility demo payment,bundled_or_included,Seek payment from the facility or rebill if excluded,medium
RARC,N68,Info: prior payment cancelled; patient was in a site demonstration,payer_info,Seek payment from the demonstration facility,low
RARC,N69,Info: payment group code was changed during processing,payer_info,Informational; act on the paired CARC,medium
RARC,N70,Denied: consolidated billing applies; the facility bills this,bundled_or_included,Bill the responsible facility or agency,medium
RARC,N71,Info: processed as assigned; law requires assignment here,payer_info,Informational; act on the paired CARC,medium
RARC,N72,Info: payment group code changed by reviewers; records didn't support it,payer_info,Appeal with clinical records if you disagree,medium
RARC,N73,Payer remark — meaning not confirmed; check the payer's explanation,other,Read the payer's EOB text or call the payer,low
RARC,N74,Rejected: split into separate claims by calendar month,fix_and_resubmit,Resubmit one claim per month,medium
RARC,N75,Needs: valid tooth surface on the claim,fix_and_resubmit,"Add or correct the tooth surface, then resubmit",medium
RARC,N76,Needs: valid number of riders on the claim,fix_and_resubmit,"Add or correct the number of riders, then resubmit",medium
RARC,N77,Needs: valid designated provider number on the claim,fix_and_resubmit,"Add or correct the designated provider number, then resubmit",low
RARC,N78,Denied: child checkup (EPSDT) components incomplete,not_covered_or_medical_necessity,Complete and document all required components,medium
RARC,N79,Rejected: service doesn't fit the patient's location,fix_and_resubmit,Check place of service and resubmit,medium
RARC,N80,Needs: valid prenatal screening information on the claim,fix_and_resubmit,"Add or correct the prenatal screening information, then resubmit",medium
RARC,N81,Rejected: procedure doesn't match the tooth surface given,fix_and_resubmit,Correct surface or procedure; resubmit,medium
RARC,N82,Info: accept insurer payment as full; don't bill the balance,contractual_writeoff,Write off the remaining balance,medium
RARC,N83,Info: no appeal; decided under demonstration rules,payer_info,No appeal; write off or bill per paired CARC,medium
RARC,N84,Info: more installment payments are coming,payer_info,Watch for later installment payments,medium
RARC,N85,Info: this is the last installment payment,payer_info,Informational; act on the paired CARC,medium
RARC,N86,Denied: biofeedback needs a failed pelvic exercise trial first,not_covered_or_medical_necessity,Document the failed exercise trial and appeal,medium
RARC,N87,Denied: biofeedback at home is not covered,not_covered_or_medical_necessity,Write off or bill patient if waiver signed,medium
RARC,N88,Info: conditional payment; may be taken back if home health episode,payer_info,Check home health status; expect recoupment if overlapping,medium
RARC,N89,Info: forwarded to several payers; only one listed here,coordination_of_benefits,Watch for other secondary payers' remits,medium
RARC,N90,Denied: covered only when the attending physician performs it,not_covered_or_medical_necessity,Confirm rendering provider; correct if needed,medium
RARC,N91,Not part of the appeal that was reviewed,other,Appeal these services separately,high
RARC,N92,Denied: facility not certified for digital mammography,provider_enrollment,Confirm facility certification with payer,medium
RARC,N93,Rejected: each place of service needs its own claim,fix_and_resubmit,Split by location and resubmit,medium
RARC,N94,Rejected: a more specific provider taxonomy is required,fix_and_resubmit,Use a more specific taxonomy and resubmit,medium
RARC,N95,This provider type can't bill this service,provider_enrollment,"Fix billing provider type/enrollment, then resubmit",high
RARC,N96,Denied: patient must fail standard therapy and be a surgical candidate,not_covered_or_medical_necessity,Send records showing failed therapy and candidacy,medium
RARC,N97,Denied: patient's condition excludes them from this implant,not_covered_or_medical_necessity,Review eligibility; write off if excluded,medium
RARC,N98,Denied: implant needs a successful trial stimulation first,not_covered_or_medical_necessity,Send results of successful trial stimulation,medium
RARC,N99,Denied: patient must be able to keep a voiding diary,not_covered_or_medical_necessity,Document patient's diary capability and appeal,medium
RARC,N100,Info: payment group code corrected during processing,payer_info,Informational; act on the paired CARC,medium
RARC,N101,Needs: ID of the facility where service took place,fix_and_resubmit,Add site-of-service facility ID and resubmit,low
RARC,N102,Denied: requested records never arrived or arrived late,fix_and_resubmit,Send the records and request reconsideration,high
RARC,N103,Denied: patient was in custody on the service date,coverage_or_eligibility,Bill the custodial authority if appropriate,medium
RARC,N104,Outside this contractor's area; send elsewhere,coverage_or_eligibility,Bill the correct contractor,high
RARC,N105,Misdirected; Railroad Retirement beneficiary,coverage_or_eligibility,Bill the Railroad Medicare contractor,high
RARC,N106,Denied: only the nursing facility can be paid; bill them,bundled_or_included,"Bill the skilled nursing facility, not the patient",medium
RARC,N107,Rejected: nursing facility inpatient services go on the inpatient claim,bundled_or_included,Include on the inpatient claim instead,medium
RARC,N108,Needs: valid upgrade information on the claim,fix_and_resubmit,"Add or correct the upgrade information, then resubmit",low
RARC,N109,Denied: complex record review found it unsupported,not_covered_or_medical_necessity,Review findings; appeal with stronger documentation,medium
RARC,N110,Denied: facility not certified for film mammography,provider_enrollment,Confirm facility certification with payer,medium
RARC,N111,No appeal except on duplicate issues,payer_info,Don't appeal unless duplicate-related,high
RARC,N112,Info: this claim isn't on your electronic remittance,payer_info,Look for a paper or separate notice,medium
RARC,N113,Denied: only one initial visit allowed per provider/group,not_covered_or_medical_necessity,Recode as established/subsequent visit if appropriate,high
RARC,N114,Info: ambulance paid at transition blended rate,contractual_writeoff,Informational; act on the paired CARC,low
RARC,N115,Decided under a local coverage policy,payer_info,Check the LCD; appeal if criteria met,high
RARC,N116,Info: conditional home payment; may be recouped if home health episode,payer_info,Check home health status; expect recoupment if overlapping,medium
RARC,N117,Denied: payable once in a patient's lifetime,not_covered_or_medical_necessity,Check prior history; write off or bill patient,medium
RARC,N118,Denied: payable only once every 28 days,not_covered_or_medical_necessity,Check last billed date; rebill when eligible,medium
RARC,N119,Denied: inpatient days within the 28-day window block payment,not_covered_or_medical_necessity,Check recent inpatient stays,low
RARC,N120,Reduced: home health episode cut short by transfer or readmit,contractual_writeoff,Informational; act on the paired CARC,low
RARC,N121,Denied: not payable for this practitioner during covered nursing stay,bundled_or_included,Bill the skilled nursing facility,medium
RARC,N122,Add-on code billed without its primary code,fix_and_resubmit,Bill with the primary code,high
RARC,N123,Payment covers only part of a split service,payer_info,Informational; act on the paired CARC,high
RARC,N124,Patient owes: lesser service paid; patient signed notice for the rest,patient_responsibility,Bill patient for the unsupported portion per notice,medium
RARC,N125,Denied: need for fuller service not shown; refund patient within 30 days,contractual_writeoff,Refund any patient payment; appeal with documentation,medium
RARC,N126,Denied: records show patient was deported,coverage_or_eligibility,Verify patient status; write off or bill other source,medium
RARC,N127,Rejected: wrong payer; send to the mine workers' health fund,coordination_of_benefits,Submit to the mine workers' fund,medium
RARC,N128,Info: amount reflects period before coverage began,coverage_or_eligibility,Bill patient for pre-coverage portion if appropriate,low
RARC,N129,Patient's age makes them ineligible,coverage_or_eligibility,Verify age and coverage,high
RARC,N130,See plan benefit documents for limits,payer_info,Informational; act on the paired CARC,high
RARC,N131,Combined contract payments can't exceed one allowance,contractual_writeoff,Write off the excess,high
RARC,N132,Info: payments end soon for this excluded provider,provider_enrollment,Resolve exclusion status before grace period ends,medium
RARC,N133,Info: estimate and payment requests processed separately,payer_info,Watch for the separate predetermination notice,medium
RARC,N134,Info: this is a scheduled payment; tell payer if treatment stopped,payer_info,Notify payer if treatment was discontinued,medium
RARC,N135,"Patient owes: record fees, capped at the copay amount",patient_responsibility,Bill patient record fees up to copay,low
RARC,N136,Info: state appeal process details are available,payer_info,Follow the state's appeal process if disputing,low
RARC,N137,Info: you may appeal or complain to state regulator for patient,payer_info,Appeal or contact state regulator if disputing,low
RARC,N138,Info: you may send X-rays to dental reviewer if you disagree,payer_info,Send radiographs for dental review if disputing,low
RARC,N139,Payer remark — meaning not confirmed; check the payer's explanation,other,Read the payer's EOB text or call the payer,low
RARC,N140,Payer remark — meaning not confirmed; check the payer's explanation,other,Read the payer's EOB text or call the payer,low
RARC,N141,Payer remark — meaning not confirmed; check the payer's explanation,other,Read the payer's EOB text or call the payer,low
RARC,N142,"Original was denied; send a new claim, not a correction",fix_and_resubmit,Submit a new original claim,high
RARC,N143,Denied: patient wasn't in hospice for all billed dates,coverage_or_eligibility,Verify hospice dates and correct claim,medium
RARC,N144,Info: rate changed partway through the billed dates,payer_info,Split by rate period if required,medium
RARC,N145,Payer remark — meaning not confirmed; check the payer's explanation,other,Read the payer's EOB text or call the payer,low
RARC,N146,Needs: screening document before the payer will pay,fix_and_resubmit,Send the screening document to the payer,medium
RARC,N147,Rejected: long-term care rate unknown; patient ID missing,fix_and_resubmit,Correct patient ID on assignment and resubmit,low
RARC,N148,Needs: valid last menstrual period date on the claim,fix_and_resubmit,"Add or correct the last menstrual period date, then resubmit",medium
RARC,N149,Rejected: bill all related services on one claim,fix_and_resubmit,Combine services into one claim and resubmit,medium
RARC,N150,Needs: valid model number on the claim,fix_and_resubmit,"Add or correct the model number, then resubmit",medium
RARC,N151,Denied: phone contacts not paid until face-to-face visit done,not_covered_or_medical_necessity,"Complete face-to-face visit, then rebill",medium
RARC,N152,Needs: replacement-claim info missing or invalid,fix_and_resubmit,Add frequency code and original claim number; resubmit,high
RARC,N153,Needs: valid room and board rate on the claim,fix_and_resubmit,"Add or correct the room and board rate, then resubmit",medium
RARC,N154,Info: payment delayed to fix your mailing address,provider_enrollment,Keep payer address records current,medium
RARC,N155,Info: no other insurance on file; send it if any,coordination_of_benefits,Send other insurance details to the payer,medium
RARC,N156,Patient owes: difference between approved and elective treatment,patient_responsibility,Bill patient the elective upgrade difference,medium
RARC,N157,Denied: transport to or from this destination isn't covered,not_covered_or_medical_necessity,Write off or bill patient if waiver signed,medium
RARC,N158,Denied: non-ambulance transport isn't covered,not_covered_or_medical_necessity,Write off or bill patient if waiver signed,medium
RARC,N159,Denied: mileage without the patient aboard isn't covered,not_covered_or_medical_necessity,Bill only loaded mileage,medium
RARC,N160,Needs: patient must choose an option before payment,fix_and_resubmit,Get patient's choice documented and resubmit,medium
RARC,N161,Denied: covered only when the related service is covered,not_covered_or_medical_necessity,Resolve the related service's status first,medium
RARC,N162,"Info: paid, but test not on your lab (CLIA) certificate",provider_enrollment,Update CLIA certification to include test specialty,high
RARC,N163,Denied: records don't support the code as defined,not_covered_or_medical_necessity,Recode to match documentation or appeal,medium
RARC,N164,Payer remark — meaning not confirmed; check the payer's explanation,other,Read the payer's EOB text or call the payer,low
RARC,N165,Payer remark — meaning not confirmed; check the payer's explanation,other,Read the payer's EOB text or call the payer,low
RARC,N166,Payer remark — meaning not confirmed; check the payer's explanation,other,Read the payer's EOB text or call the payer,low
RARC,N167,Denied: post-transplant coverage limit exceeded,coverage_or_eligibility,Bill patient or other coverage,medium
RARC,N168,Payer remark — meaning not confirmed; check the payer's explanation,other,Read the payer's EOB text or call the payer,low
RARC,N169,Payer remark — meaning not confirmed; check the payer's explanation,other,Read the payer's EOB text or call the payer,low
RARC,N170,Needs: new or renewed certificate of medical necessity,fix_and_resubmit,Get updated necessity certificate and resubmit,medium
RARC,N171,Denied: repair or replacement not covered or over purchase price,not_covered_or_medical_necessity,Write off or bill patient if allowed,medium
RARC,N172,Don't bill patient: patient not liable for denied upgraded item/service,contractual_writeoff,Write off; do not collect from patient,high
RARC,N173,Payer remark — meaning not confirmed; check the payer's explanation,other,Read the payer's EOB text or call the payer,low
RARC,N174,Don't bill patient: beyond PR amounts for this non-covered service,not_covered_or_medical_necessity,Collect only PR amounts; write off the rest,high
RARC,N175,Needs: review organization approval before the payer will pay,fix_and_resubmit,Send the review organization approval to the payer,medium
RARC,N176,Denied: shipboard care covered only on qualifying US ships and waters,not_covered_or_medical_necessity,Verify ship and location rules; write off,medium
RARC,N177,Info: not sent to other insurer; they won't pay more,coordination_of_benefits,Informational; act on the paired CARC,medium
RARC,N178,Needs: pre-surgery images or visual field results before the payer will pay,fix_and_resubmit,Send the pre-surgery images or visual field results to the payer,low
RARC,N179,Pending: payer is waiting on info from the member,other,Ask patient to answer the payer's request,high
RARC,N180,Doesn't fit the category it was billed under,fix_and_resubmit,Rebill under the right category,high
RARC,N181,Needs: more information from another provider involved,fix_and_resubmit,Ask the other provider to send their information,medium
RARC,N182,Must be billed per this plan's schedule,fix_and_resubmit,Follow plan billing rules and resubmit,high
RARC,N183,Payer remark — meaning not confirmed; check the payer's explanation,other,Read the payer's EOB text or call the payer,low
RARC,N184,Rejected: bill technical and professional parts separately,fix_and_resubmit,Split components and resubmit,medium
RARC,N185,Info: don't resubmit this claim or service,payer_info,Don't rebill; appeal instead if you disagree,high
RARC,N186,Needs: military non-availability statement for this service,authorization_or_referral,Get the statement from the nearest military facility,medium
RARC,N187,Info: you can request a written review within time limits,payer_info,Request review in writing if you disagree,medium
RARC,N188,Approved care level doesn't match code billed,fix_and_resubmit,"Match code to approved level, resubmit",high
RARC,N189,Patient not liable: you knew it wasn't covered; you owe it,contractual_writeoff,Write off or appeal within the deadline,medium
RARC,N190,Needs: valid contract indicator on the claim,fix_and_resubmit,"Add or correct the contract indicator, then resubmit",low
RARC,N191,Rejected: you must update insurance info with the payer directly,coordination_of_benefits,Update patient insurance info with the payer,medium
RARC,N192,Don't bill patient: patient is QMB/Medicaid; no Medicare cost share,coordination_of_benefits,Bill Medicaid for cost share; refund any patient payments,high
RARC,N193,Another program may cover this service,coordination_of_benefits,Check for other program coverage,high
RARC,N194,Denied: technical part not paid if you don't own the equipment,not_covered_or_medical_necessity,Bill only the professional part,medium
RARC,N195,Rejected: technical part must be billed separately,fix_and_resubmit,Bill the technical part on its own,medium
RARC,N196,Info: patient may qualify for other primary coverage,coordination_of_benefits,Help patient apply for the other coverage,medium
RARC,N197,Member must update their insurance details with payer,coverage_or_eligibility,Ask patient to call the payer,high
RARC,N198,Rejected: rendering provider must be linked to the pay-to provider,provider_enrollment,Link rendering provider to your group with payer,medium
RARC,N199,Extra payment or takeback after payer audit,payer_info,Post adjustment; review audit,high
RARC,N200,Rejected: professional part must be billed separately,fix_and_resubmit,Bill the professional part on its own,medium
RARC,N201,Denied: the mental health facility pays outside providers for residents,bundled_or_included,Bill the mental health facility,medium
RARC,N202,More details coming separately,payer_info,Watch for payer's follow-up,high
RARC,N203,Needs: valid anesthesia time or units on the claim,fix_and_resubmit,"Add or correct the anesthesia time or units, then resubmit",medium
RARC,N204,Needs: 12 months of records for pre-existing condition review,fix_and_resubmit,Send prior 12 months of medical records,medium
RARC,N205,Rejected: information sent couldn't be read,fix_and_resubmit,Send a legible copy,medium
RARC,N206,Rejected: documents don't match what the claim says,fix_and_resubmit,Reconcile claim and documents; resubmit,medium
RARC,N207,Needs: valid patient weight on the claim,fix_and_resubmit,"Add or correct the patient weight, then resubmit",medium
RARC,N208,Needs: valid DRG code on the claim,fix_and_resubmit,"Add or correct the DRG code, then resubmit",medium
RARC,N209,Needs: valid tax ID number on the claim,fix_and_resubmit,"Add or correct the tax ID number, then resubmit",medium
RARC,N210,You may appeal this decision,payer_info,Informational; act on the paired CARC,high
RARC,N211,No appeal allowed on this decision,payer_info,Write off or bill per group code,high
RARC,N212,Info: processed under out-of-network point-of-service benefit,payer_info,Informational; act on the paired CARC,medium
RARC,N213,Needs: valid facility unit DRG or exempt status on the claim,fix_and_resubmit,"Add or correct the facility unit DRG or exempt status, then resubmit",low
RARC,N214,Needs: valid history of the earlier related surgery on the claim,fix_and_resubmit,"Add or correct the history of the earlier related surgery, then resubmit",medium
RARC,N215,Info: secondary payer can't require primary's decision first,coordination_of_benefits,Informational; act on the paired CARC,low
RARC,N216,Denied: plan doesn't cover this service or patient lacks this benefit,coverage_or_eligibility,Verify benefits; patient owes only if group is PR,high
RARC,N217,Rejected: one site of service per provider per claim,fix_and_resubmit,Split by site and resubmit,medium
RARC,N218,Info: you must keep supplying this item while needed,payer_info,Keep servicing; maintenance paid per contract terms,low
RARC,N219,Info: paid based on the prior payer's allowed amount,coordination_of_benefits,Informational; act on the paired CARC,medium
RARC,N220,Payer's site lists dispute forms and steps,payer_info,Informational; act on the paired CARC,high
RARC,N221,Needs: admitting history and physical before the payer will pay,fix_and_resubmit,Send the admitting history and physical to the payer,medium
RARC,N222,Needs: a usable admitting history and physical; the one sent was incomplete or wrong,fix_and_resubmit,"Send a complete, corrected copy to the payer",medium
RARC,N223,Needs: proof the patient benefited during the initial trial before the payer will pay,fix_and_resubmit,Send the requested document to the payer,medium
RARC,N224,Needs: a usable proof of benefit during the initial trial; resend it,fix_and_resubmit,"Send a complete, corrected copy to the payer",medium
RARC,N225,Needs: a usable supporting record or order; the one sent was incomplete or wrong,fix_and_resubmit,"Send a complete, corrected copy to the payer",medium
RARC,N226,Needs: a usable diabetes education recognition certificate; the one sent was incomplete or wrong,fix_and_resubmit,"Send a complete, corrected copy to the payer",medium
RARC,N227,Needs: a usable certificate of medical necessity; the one sent was incomplete or wrong,fix_and_resubmit,"Send a complete, corrected copy to the payer",medium
RARC,N228,Needs: a usable consent form; the one sent was incomplete or wrong,fix_and_resubmit,"Send a complete, corrected copy to the payer",medium
RARC,N229,Needs: valid contract indicator on the claim,fix_and_resubmit,"Add or correct the contract indicator, then resubmit",medium
RARC,N230,Needs: valid note on whether patient owns the equipment on the claim,fix_and_resubmit,Correct this field on the claim and resubmit,medium
RARC,N231,Needs: a usable lens invoice; the one sent was incomplete or wrong,fix_and_resubmit,"Send a complete, corrected copy to the payer",medium
RARC,N232,Needs: a usable itemized bill; the one sent was incomplete or wrong,fix_and_resubmit,"Send a complete, corrected copy to the payer",medium
RARC,N233,Needs: a usable operative report; the one sent was incomplete or wrong,fix_and_resubmit,"Send a complete, corrected copy to the payer",medium
RARC,N234,Needs: a usable oxygen certification; the one sent was incomplete or wrong,fix_and_resubmit,"Send a complete, corrected copy to the payer",medium
RARC,N235,Needs: a usable pacemaker registration form; the one sent was incomplete or wrong,fix_and_resubmit,"Send a complete, corrected copy to the payer",medium
RARC,N236,Needs: a usable pathology report; the one sent was incomplete or wrong,fix_and_resubmit,"Send a complete, corrected copy to the payer",medium
RARC,N237,Needs: a usable medical record for this service; resend it,fix_and_resubmit,"Send a complete, corrected copy to the payer",medium
RARC,N238,Needs: a usable physician-signed care plan; the one sent was incomplete or wrong,fix_and_resubmit,"Send a complete, corrected copy to the payer",medium
RARC,N239,Needs: a usable physician financial relationship form; the one sent was incomplete or wrong,fix_and_resubmit,"Send a complete, corrected copy to the payer",medium
RARC,N240,Needs: a usable radiology report; the one sent was incomplete or wrong,fix_and_resubmit,"Send a complete, corrected copy to the payer",medium
RARC,N241,Needs: a usable review organization approval; the one sent was incomplete or wrong,fix_and_resubmit,"Send a complete, corrected copy to the payer",medium
RARC,N242,Needs: a usable X-ray film or image; the one sent was incomplete or wrong,fix_and_resubmit,"Send a complete, corrected copy to the payer",medium
RARC,N243,Needs: a usable screening document; the one sent was incomplete or wrong,fix_and_resubmit,"Send a complete, corrected copy to the payer",medium
RARC,N244,Needs: a usable pre-surgery photos or visual field results; resend it,fix_and_resubmit,"Send a complete, corrected copy to the payer",medium
RARC,N245,Other insurance plan info needed,coordination_of_benefits,Add other-insurance info and resubmit,high
RARC,N246,Don't bill patient beyond state limit: state caps patient payment,contractual_writeoff,Cap patient bill per state rule; write off rest,high
RARC,N247,Needs: valid assistant surgeon taxonomy on the claim,fix_and_resubmit,"Add or correct the assistant surgeon taxonomy, then resubmit",medium
RARC,N248,Needs: valid assistant surgeon name on the claim,fix_and_resubmit,"Add or correct the assistant surgeon name, then resubmit",medium
RARC,N249,Needs: valid assistant surgeon main ID on the claim,fix_and_resubmit,"Add or correct the assistant surgeon main ID, then resubmit",medium
RARC,N250,Needs: valid assistant surgeon secondary ID on the claim,fix_and_resubmit,"Add or correct the assistant surgeon secondary ID, then resubmit",medium
RARC,N251,Needs: valid attending provider taxonomy on the claim,fix_and_resubmit,"Add or correct the attending provider taxonomy, then resubmit",medium
RARC,N252,Needs: valid attending provider name on the claim,fix_and_resubmit,"Add or correct the attending provider name, then resubmit",medium
RARC,N253,Needs: valid attending provider main ID on the claim,fix_and_resubmit,"Add or correct the attending provider main ID, then resubmit",medium
RARC,N254,Needs: valid attending provider secondary ID on the claim,fix_and_resubmit,"Add or correct the attending provider secondary ID, then resubmit",medium
RARC,N255,Needs: valid billing provider taxonomy on the claim,fix_and_resubmit,"Add or correct the billing provider taxonomy, then resubmit",medium
RARC,N256,Needs: valid billing provider name on the claim,fix_and_resubmit,"Add or correct the billing provider name, then resubmit",medium
RARC,N257,Billing provider ID absent or wrong,fix_and_resubmit,Correct billing NPI and resubmit,high
RARC,N258,Needs: valid billing provider address on the claim,fix_and_resubmit,"Add or correct the billing provider address, then resubmit",medium
RARC,N259,Needs: valid billing provider secondary ID on the claim,fix_and_resubmit,"Add or correct the billing provider secondary ID, then resubmit",medium
RARC,N260,Needs: valid billing provider contact details on the claim,fix_and_resubmit,"Add or correct the billing provider contact details, then resubmit",medium
RARC,N261,Needs: valid operating provider name on the claim,fix_and_resubmit,"Add or correct the operating provider name, then resubmit",medium
RARC,N262,Needs: valid operating provider main ID on the claim,fix_and_resubmit,"Add or correct the operating provider main ID, then resubmit",medium
RARC,N263,Needs: valid operating provider secondary ID on the claim,fix_and_resubmit,"Add or correct the operating provider secondary ID, then resubmit",medium
RARC,N264,Ordering provider name absent or wrong,fix_and_resubmit,Correct ordering name and resubmit,high
RARC,N265,Ordering provider ID absent or wrong,fix_and_resubmit,Correct ordering NPI and resubmit,high
RARC,N266,Needs: valid ordering provider address on the claim,fix_and_resubmit,"Add or correct the ordering provider address, then resubmit",medium
RARC,N267,Needs: valid ordering provider contact details on the claim,fix_and_resubmit,"Add or correct the ordering provider contact details, then resubmit",medium
RARC,N268,Needs: valid ordering provider name on the claim,fix_and_resubmit,"Add or correct the ordering provider name, then resubmit",medium
RARC,N269,Needs: valid ordering provider main ID on the claim,fix_and_resubmit,"Add or correct the ordering provider main ID, then resubmit",medium
RARC,N270,Needs: valid ordering provider secondary ID on the claim,fix_and_resubmit,"Add or correct the ordering provider secondary ID, then resubmit",medium
RARC,N271,Needs: valid other payer's identifier for a listed provider on the claim,fix_and_resubmit,Correct this field on the claim and resubmit,low
RARC,N272,Needs: valid other payer's identifier for a listed provider on the claim,fix_and_resubmit,Correct this field on the claim and resubmit,low
RARC,N273,Needs: valid other payer's identifier for a listed provider on the claim,fix_and_resubmit,Correct this field on the claim and resubmit,low
RARC,N274,Needs: valid other payer's identifier for a listed provider on the claim,fix_and_resubmit,Correct this field on the claim and resubmit,low
RARC,N275,Needs: valid other payer's identifier for a listed provider on the claim,fix_and_resubmit,Correct this field on the claim and resubmit,low
RARC,N276,Needs: valid other payer's identifier for a listed provider on the claim,fix_and_resubmit,Correct this field on the claim and resubmit,low
RARC,N277,Needs: valid other payer's identifier for a listed provider on the claim,fix_and_resubmit,Correct this field on the claim and resubmit,low
RARC,N278,Needs: valid other payer's identifier for a listed provider on the claim,fix_and_resubmit,Correct this field on the claim and resubmit,low
RARC,N279,Needs: valid pay-to provider name on the claim,fix_and_resubmit,"Add or correct the pay-to provider name, then resubmit",medium
RARC,N280,Needs: valid pay-to provider main ID on the claim,fix_and_resubmit,"Add or correct the pay-to provider main ID, then resubmit",medium
RARC,N281,Needs: valid pay-to provider address on the claim,fix_and_resubmit,"Add or correct the pay-to provider address, then resubmit",medium
RARC,N282,Needs: valid pay-to provider secondary ID on the claim,fix_and_resubmit,"Add or correct the pay-to provider secondary ID, then resubmit",medium
RARC,N283,Needs: valid purchased service provider ID on the claim,fix_and_resubmit,"Add or correct the purchased service provider ID, then resubmit",medium
RARC,N284,Needs: valid referring provider taxonomy on the claim,fix_and_resubmit,"Add or correct the referring provider taxonomy, then resubmit",medium
RARC,N285,Referring provider name absent or wrong,fix_and_resubmit,Correct referring name and resubmit,high
RARC,N286,Referring provider ID absent or wrong,fix_and_resubmit,Correct referring NPI and resubmit,high
RARC,N287,Needs: valid referring provider secondary ID on the claim,fix_and_resubmit,"Add or correct the referring provider secondary ID, then resubmit",medium
RARC,N288,Needs: valid rendering provider taxonomy on the claim,fix_and_resubmit,"Add or correct the rendering provider taxonomy, then resubmit",medium
RARC,N289,Needs: valid rendering provider name on the claim,fix_and_resubmit,"Add or correct the rendering provider name, then resubmit",medium
RARC,N290,Rendering provider ID absent or wrong,fix_and_resubmit,Correct rendering NPI and resubmit,high
RARC,N291,Needs: valid rendering provider ID on the claim,fix_and_resubmit,"Add or correct the rendering provider ID, then resubmit",medium
RARC,N292,Needs: valid service facility name on the claim,fix_and_resubmit,"Add or correct the service facility name, then resubmit",medium
RARC,N293,Needs: valid service facility address on the claim,fix_and_resubmit,"Add or correct the service facility address, then resubmit",medium
RARC,N294,Needs: valid service facility address on the claim,fix_and_resubmit,"Add or correct the service facility address, then resubmit",medium
RARC,N295,Needs: valid service facility ID on the claim,fix_and_resubmit,"Add or correct the service facility ID, then resubmit",medium
RARC,N296,Needs: valid supervising provider name on the claim,fix_and_resubmit,"Add or correct the supervising provider name, then resubmit",medium
RARC,N297,Needs: valid supervising provider main ID on the claim,fix_and_resubmit,"Add or correct the supervising provider main ID, then resubmit",medium
RARC,N298,Needs: valid supervising provider secondary ID on the claim,fix_and_resubmit,"Add or correct the supervising provider secondary ID, then resubmit",medium
RARC,N299,Needs: valid occurrence date on the claim,fix_and_resubmit,"Add or correct the occurrence date, then resubmit",medium
RARC,N300,Needs: valid occurrence span dates on the claim,fix_and_resubmit,"Add or correct the occurrence span dates, then resubmit",medium
RARC,N301,Needs: valid procedure date on the claim,fix_and_resubmit,"Add or correct the procedure date, then resubmit",medium
RARC,N302,Needs: valid other procedure date on the claim,fix_and_resubmit,"Add or correct the other procedure date, then resubmit",medium
RARC,N303,Needs: valid principal procedure date on the claim,fix_and_resubmit,"Add or correct the principal procedure date, then resubmit",medium
RARC,N304,Needs: valid dispensed date on the claim,fix_and_resubmit,"Add or correct the dispensed date, then resubmit",medium
RARC,N305,Needs: valid accident date on the claim,fix_and_resubmit,"Add or correct the accident date, then resubmit",medium
RARC,N306,Needs: valid acute symptom onset date on the claim,fix_and_resubmit,"Add or correct the acute symptom onset date, then resubmit",medium
RARC,N307,Needs: valid prior payer's payment date on the claim,fix_and_resubmit,"Add or correct the prior payer's payment date, then resubmit",medium
RARC,N308,Needs: valid appliance placement date on the claim,fix_and_resubmit,"Add or correct the appliance placement date, then resubmit",medium
RARC,N309,Needs: valid assessment date on the claim,fix_and_resubmit,"Add or correct the assessment date, then resubmit",medium
RARC,N310,Needs: valid date care was assumed or handed off on the claim,fix_and_resubmit,Correct this field on the claim and resubmit,medium
RARC,N311,Needs: valid return-to-work date on the claim,fix_and_resubmit,"Add or correct the return-to-work date, then resubmit",medium
RARC,N312,Needs: valid therapy start date on the claim,fix_and_resubmit,"Add or correct the therapy start date, then resubmit",medium
RARC,N313,Needs: valid certification revision date on the claim,fix_and_resubmit,"Add or correct the certification revision date, then resubmit",medium
RARC,N314,Needs: valid diagnosis date on the claim,fix_and_resubmit,"Add or correct the diagnosis date, then resubmit",medium
RARC,N315,Needs: valid disability start date on the claim,fix_and_resubmit,"Add or correct the disability start date, then resubmit",medium
RARC,N316,Needs: valid disability end date on the claim,fix_and_resubmit,"Add or correct the disability end date, then resubmit",medium
RARC,N317,Needs: valid discharge hour on the claim,fix_and_resubmit,"Add or correct the discharge hour, then resubmit",medium
RARC,N318,Needs: valid discharge or end-of-care date on the claim,fix_and_resubmit,"Add or correct the discharge or end-of-care date, then resubmit",medium
RARC,N319,Needs: valid hearing or vision prescription date on the claim,fix_and_resubmit,"Add or correct the hearing or vision prescription date, then resubmit",medium
RARC,N320,Needs: valid home health certification period on the claim,fix_and_resubmit,"Add or correct the home health certification period, then resubmit",medium
RARC,N321,Needs: valid last admission period on the claim,fix_and_resubmit,"Add or correct the last admission period, then resubmit",medium
RARC,N322,Needs: valid last certification date on the claim,fix_and_resubmit,"Add or correct the last certification date, then resubmit",medium
RARC,N323,Needs: valid last contact date on the claim,fix_and_resubmit,"Add or correct the last contact date, then resubmit",medium
RARC,N324,Payer remark — meaning not confirmed; check the payer's explanation,other,Read the payer's EOB text or call the payer,low
RARC,N325,Payer remark — meaning not confirmed; check the payer's explanation,other,Read the payer's EOB text or call the payer,low
RARC,N326,Payer remark — meaning not confirmed; check the payer's explanation,other,Read the payer's EOB text or call the payer,low
RARC,N327,Payer remark — meaning not confirmed; check the payer's explanation,other,Read the payer's EOB text or call the payer,low
RARC,N328,Payer remark — meaning not confirmed; check the payer's explanation,other,Read the payer's EOB text or call the payer,low
RARC,N329,Needs: patient date of birth is absent or wrong on the claim,fix_and_resubmit,Correct the patient's birth date and resubmit,medium
RARC,N330,Payer remark — meaning not confirmed; check the payer's explanation,other,Read the payer's EOB text or call the payer,low
RARC,N331,Payer remark — meaning not confirmed; check the payer's explanation,other,Read the payer's EOB text or call the payer,low
RARC,N332,Payer remark — meaning not confirmed; check the payer's explanation,other,Read the payer's EOB text or call the payer,low
RARC,N333,Payer remark — meaning not confirmed; check the payer's explanation,other,Read the payer's EOB text or call the payer,low
RARC,N334,Payer remark — meaning not confirmed; check the payer's explanation,other,Read the payer's EOB text or call the payer,low
RARC,N335,Payer remark — meaning not confirmed; check the payer's explanation,other,Read the payer's EOB text or call the payer,low
RARC,N336,Payer remark — meaning not confirmed; check the payer's explanation,other,Read the payer's EOB text or call the payer,low
RARC,N337,Payer remark — meaning not confirmed; check the payer's explanation,other,Read the payer's EOB text or call the payer,low
RARC,N338,Payer remark — meaning not confirmed; check the payer's explanation,other,Read the payer's EOB text or call the payer,low
RARC,N339,Payer remark — meaning not confirmed; check the payer's explanation,other,Read the payer's EOB text or call the payer,low
RARC,N340,Payer remark — meaning not confirmed; check the payer's explanation,other,Read the payer's EOB text or call the payer,low
RARC,N341,Payer remark — meaning not confirmed; check the payer's explanation,other,Read the payer's EOB text or call the payer,low
RARC,N342,Payer remark — meaning not confirmed; check the payer's explanation,other,Read the payer's EOB text or call the payer,low
RARC,N343,Payer remark — meaning not confirmed; check the payer's explanation,other,Read the payer's EOB text or call the payer,low
RARC,N344,Payer remark — meaning not confirmed; check the payer's explanation,other,Read the payer's EOB text or call the payer,low
RARC,N345,Rejected: the date span doesn't fit the number of units billed,fix_and_resubmit,"Make dates and units agree, then resubmit",medium
RARC,N346,Needs: mouth area (oral cavity) code for this dental line,fix_and_resubmit,Add the oral cavity area code and resubmit,medium
RARC,N347,Payer remark — meaning not confirmed; check the payer's explanation,other,Read the payer's EOB text or call the payer,low
RARC,N348,Payer remark — meaning not confirmed; check the payer's explanation,other,Read the payer's EOB text or call the payer,low
RARC,N349,Payer remark — meaning not confirmed; check the payer's explanation,other,Read the payer's EOB text or call the payer,low
RARC,N350,Description needed for the unlisted code,fix_and_resubmit,Add a service description and resubmit,high
RARC,N351,Denied: service date falls outside the approved treatment plan,authorization_or_referral,Check plan dates; request updated approval if needed,medium
RARC,N352,Payer remark — meaning not confirmed; check the payer's explanation,other,Read the payer's EOB text or call the payer,low
RARC,N353,Payer remark — meaning not confirmed; check the payer's explanation,other,Read the payer's EOB text or call the payer,low
RARC,N354,Payer remark — meaning not confirmed; check the payer's explanation,other,Read the payer's EOB text or call the payer,low
RARC,N355,Payer remark — meaning not confirmed; check the payer's explanation,other,Read the payer's EOB text or call the payer,low
RARC,N356,Not covered when tied to a non-covered service,not_covered_or_medical_necessity,"Follow paired CARC group: CO write off, PR patient owes",high
RARC,N357,Denied: required waiting time between related services wasn't met,not_covered_or_medical_necessity,Check timing rules; appeal if timing was actually met,medium
RARC,N358,Payer remark — meaning not confirmed; check the payer's explanation,other,Read the payer's EOB text or call the payer,low
RARC,N359,Payer remark — meaning not confirmed; check the payer's explanation,other,Read the payer's EOB text or call the payer,low
RARC,N360,Payer remark — meaning not confirmed; check the payer's explanation,other,Read the payer's EOB text or call the payer,low
RARC,N361,Payer remark — meaning not confirmed; check the payer's explanation,other,Read the payer's EOB text or call the payer,low
RARC,N362,Days or units over the allowed maximum,not_covered_or_medical_necessity,Check units; appeal with records,high
RARC,N363,Payer remark — meaning not confirmed; check the payer's explanation,other,Read the payer's EOB text or call the payer,low
RARC,N364,Payer remark — meaning not confirmed; check the payer's explanation,other,Read the payer's EOB text or call the payer,low
RARC,N365,Reporting-only code; not payable,payer_info,No action needed,high
RARC,N366,Payer remark — meaning not confirmed; check the payer's explanation,other,Read the payer's EOB text or call the payer,low
RARC,N367,Payer remark — meaning not confirmed; check the payer's explanation,other,Read the payer's EOB text or call the payer,low
RARC,N368,Payer remark — meaning not confirmed; check the payer's explanation,other,Read the payer's EOB text or call the payer,low
RARC,N369,Payer remark — meaning not confirmed; check the payer's explanation,other,Read the payer's EOB text or call the payer,low
RARC,N370,Payer remark — meaning not confirmed; check the payer's explanation,other,Read the payer's EOB text or call the payer,low
RARC,N371,Payer remark — meaning not confirmed; check the payer's explanation,other,Read the payer's EOB text or call the payer,low
RARC,N372,"Denied: only reasonable, necessary maintenance/service charges covered",not_covered_or_medical_necessity,Review maintenance charge necessity; appeal with documentation,high
RARC,N373,Payer remark — meaning not confirmed; check the payer's explanation,other,Read the payer's EOB text or call the payer,low
RARC,N374,Payer remark — meaning not confirmed; check the payer's explanation,other,Read the payer's EOB text or call the payer,low
RARC,N375,Payer remark — meaning not confirmed; check the payer's explanation,other,Read the payer's EOB text or call the payer,low
RARC,N376,Payer remark — meaning not confirmed; check the payer's explanation,other,Read the payer's EOB text or call the payer,low
RARC,N377,Paid based on a replacement claim,payer_info,Informational; act on the paired CARC,high
RARC,N378,Payer remark — meaning not confirmed; check the payer's explanation,other,Read the payer's EOB text or call the payer,low
RARC,N379,Payer remark — meaning not confirmed; check the payer's explanation,other,Read the payer's EOB text or call the payer,low
RARC,N380,Payer remark — meaning not confirmed; check the payer's explanation,other,Read the payer's EOB text or call the payer,low
RARC,N381,Check your contract for billing or payment terms,payer_info,Informational; act on the paired CARC,high
RARC,N382,Patient identifier absent or wrong,fix_and_resubmit,Correct patient ID and resubmit,high
RARC,N383,"Denied: considered cosmetic, which the plan doesn't cover",not_covered_or_medical_necessity,"Appeal with proof of functional need, or bill patient",medium
RARC,N384,Denied: payer shows this tooth or body part was already removed,fix_and_resubmit,Verify site/tooth coding; correct or appeal with records,medium
RARC,N385,Payer remark — meaning not confirmed; check the payer's explanation,other,Read the payer's EOB text or call the payer,low
RARC,N386,Decided under a national coverage policy,payer_info,Check the NCD; appeal if criteria met,high
RARC,N387,Payer remark — meaning not confirmed; check the payer's explanation,other,Read the payer's EOB text or call the payer,low
RARC,N388,Payer remark — meaning not confirmed; check the payer's explanation,other,Read the payer's EOB text or call the payer,low
RARC,N389,Payer remark — meaning not confirmed; check the payer's explanation,other,Read the payer's EOB text or call the payer,low
RARC,N390,Can't be billed separately,bundled_or_included,Write off,high
RARC,N391,Payer remark — meaning not confirmed; check the payer's explanation,other,Read the payer's EOB text or call the payer,low
RARC,N392,Payer remark — meaning not confirmed; check the payer's explanation,other,Read the payer's EOB text or call the payer,low
RARC,N393,Needs: progress notes or report missing,fix_and_resubmit,Send progress notes; resubmit or appeal,high
RARC,N394,Needs: progress notes or report incomplete or invalid,fix_and_resubmit,Send complete progress notes; resubmit or appeal,high
RARC,N395,Needs: a required supporting report is missing or incomplete,fix_and_resubmit,"Send the report named on the EOB, then resubmit",medium
RARC,N396,Needs: a required supporting report is missing or incomplete,fix_and_resubmit,"Send the report named on the EOB, then resubmit",medium
RARC,N397,Denied: service not completed or item not yet delivered,not_covered_or_medical_necessity,Bill again once finished or delivered,medium
RARC,N398,Needs: a required supporting report is missing or incomplete,fix_and_resubmit,"Send the report named on the EOB, then resubmit",medium
RARC,N399,Needs: a required supporting report is missing or incomplete,fix_and_resubmit,"Send the report named on the EOB, then resubmit",medium
RARC,N400,Info: this payer expects claims to be sent electronically,payer_info,Switch this payer to electronic claim submission,medium
RARC,N401,Needs: a required supporting report is missing or incomplete,fix_and_resubmit,"Send the report named on the EOB, then resubmit",medium
RARC,N402,Needs: a required supporting report is missing or incomplete,fix_and_resubmit,"Send the report named on the EOB, then resubmit",medium
RARC,N403,Needs: a required supporting report is missing or incomplete,fix_and_resubmit,"Send the report named on the EOB, then resubmit",medium
RARC,N404,Needs: a required supporting report is missing or incomplete,fix_and_resubmit,"Send the report named on the EOB, then resubmit",medium
RARC,N405,Denied: covered only if the organ donor's own insurance won't pay,coordination_of_benefits,Bill donor's insurer first; send its denial,medium
RARC,N406,Payer remark — meaning not confirmed; check the payer's explanation,other,Read the payer's EOB text or call the payer,low
RARC,N407,Rejected: you're not approved to send claims in this format,provider_enrollment,Enroll as approved submitter or use another channel,medium
RARC,N408,Info: this payer won't cover deductible from a previous payer,coordination_of_benefits,Act on paired CARC and group code for balance,high
RARC,N409,Payer remark — meaning not confirmed; check the payer's explanation,other,Read the payer's EOB text or call the payer,low
RARC,N410,Denied: replacement not covered unless the prescription changed,not_covered_or_medical_necessity,"Document the prescription change, or bill patient if allowed",medium
RARC,N411,Payer remark — meaning not confirmed; check the payer's explanation,other,Read the payer's EOB text or call the payer,low
RARC,N412,Payer remark — meaning not confirmed; check the payer's explanation,other,Read the payer's EOB text or call the payer,low
RARC,N413,Payer remark — meaning not confirmed; check the payer's explanation,other,Read the payer's EOB text or call the payer,low
RARC,N414,Payer remark — meaning not confirmed; check the payer's explanation,other,Read the payer's EOB text or call the payer,low
RARC,N415,Payer remark — meaning not confirmed; check the payer's explanation,other,Read the payer's EOB text or call the payer,low
RARC,N416,Denied: frequency limit of once every three years exceeded,not_covered_or_medical_necessity,Check prior service dates; appeal if criteria met,high
RARC,N417,Payer remark — meaning not confirmed; check the payer's explanation,other,Read the payer's EOB text or call the payer,low
RARC,N418,Sent to the wrong payer or processor,coverage_or_eligibility,Bill the correct payer,high
RARC,N419,Payer remark — meaning not confirmed; check the payer's explanation,other,Read the payer's EOB text or call the payer,low
RARC,N420,Payer remark — meaning not confirmed; check the payer's explanation,other,Read the payer's EOB text or call the payer,low
RARC,N421,Info: paid after retroactive review-organization decision,payer_info,Post adjustment; reconcile with prior payment,high
RARC,N422,Payer remark — meaning not confirmed; check the payer's explanation,other,Read the payer's EOB text or call the payer,low
RARC,N423,Payer remark — meaning not confirmed; check the payer's explanation,other,Read the payer's EOB text or call the payer,low
RARC,N424,Payer remark — meaning not confirmed; check the payer's explanation,other,Read the payer's EOB text or call the payer,low
RARC,N425,Denied: service excluded from coverage by law,not_covered_or_medical_necessity,PR: patient owes; CO: write off,high
RARC,N426,Payer remark — meaning not confirmed; check the payer's explanation,other,Read the payer's EOB text or call the payer,low
RARC,N427,Denied: glasses or contacts paid only after cataract surgery,not_covered_or_medical_necessity,Confirm cataract surgery history; else patient may owe,medium
RARC,N428,Not covered in this place of service,not_covered_or_medical_necessity,Check place of service; write off or appeal,high
RARC,N429,Denied: routine care isn't covered under this plan,not_covered_or_medical_necessity,Check benefits; bill patient only if they agreed beforehand,medium
RARC,N430,Code and units billed don't line up,fix_and_resubmit,Correct units and resubmit,high
RARC,N431,Not covered alongside this other procedure,bundled_or_included,Write off or add modifier if distinct,high
RARC,N432,Adjusted: a recovery audit changed this payment,payer_info,Review the audit finding; appeal if you disagree,medium
RARC,N433,Resubmit using only your NPI,fix_and_resubmit,Remove legacy IDs and resubmit,high
RARC,N434,Needs: present-on-admission indicator missing or wrong,fix_and_resubmit,Add correct POA indicators and resubmit,medium
RARC,N435,Denied: exceeds allowed frequency without supporting documentation,fix_and_resubmit,Send documentation supporting extra services; appeal,high
RARC,N436,Paid limited: injury claim not accepted; only mandated minimum paid,other,Track the injury claim decision with the carrier,medium
RARC,N437,Info: charges get reconsidered if the injury claim is accepted,payer_info,"Wait for the injury claim decision, then follow up",medium
RARC,N438,Rejected: this jurisdiction accepts paper claims only,fix_and_resubmit,Resubmit this claim on paper,medium
RARC,N439,Needs: anesthesia physical status details missing or unclear,fix_and_resubmit,Add physical status info and resubmit,medium
RARC,N440,Needs: anesthesia physical status details missing or unclear,fix_and_resubmit,Add physical status info and resubmit,medium
RARC,N441,Denied: missed appointments aren't billable to this plan,not_covered_or_medical_necessity,Write off or apply practice no-show policy,medium
RARC,N442,Info: paid using an alternate fee schedule,payer_info,Verify against contract; appeal if wrong schedule used,high
RARC,N443,Needs: total time or start/stop times missing or wrong,fix_and_resubmit,Add correct time details and resubmit,medium
RARC,N444,Payer remark — meaning not confirmed; check the payer's explanation,other,Read the payer's EOB text or call the payer,low
RARC,N445,Needs: proof of actual cost or amount paid is missing,fix_and_resubmit,Attach invoice or cost proof and resubmit,medium
RARC,N446,Needs: proof of actual cost or amount paid is incomplete,fix_and_resubmit,Attach complete invoice or cost proof and resubmit,medium
RARC,N447,Reduced: paid at generic rate; brand need not documented,not_covered_or_medical_necessity,Send brand-necessity documentation to request reconsideration,medium
RARC,N448,Denied: item isn't on the payer's fee schedule or contract,not_covered_or_medical_necessity,Check code/contract; appeal or write off per paired CARC,high
RARC,N449,Reduced: priced using a comparable drug,contractual_writeoff,Review pricing; appeal with invoice if underpaid,medium
RARC,N450,Payer remark — meaning not confirmed; check the payer's explanation,other,Read the payer's EOB text or call the payer,low
RARC,N451,Needs: a required supporting report is missing or incomplete,fix_and_resubmit,"Send the report named on the EOB, then resubmit",medium
RARC,N452,Needs: a required supporting report is missing or incomplete,fix_and_resubmit,"Send the report named on the EOB, then resubmit",medium
RARC,N453,Needs: a required supporting report is missing or incomplete,fix_and_resubmit,"Send the report named on the EOB, then resubmit",medium
RARC,N454,Needs: a required supporting report is missing or incomplete,fix_and_resubmit,"Send the report named on the EOB, then resubmit",medium
RARC,N455,Needs: physician order missing,fix_and_resubmit,Obtain signed order; resubmit or appeal,high
RARC,N456,Needs: a required supporting report is missing or incomplete,fix_and_resubmit,"Send the report named on the EOB, then resubmit",medium
RARC,N457,Needs: a required supporting report is missing or incomplete,fix_and_resubmit,"Send the report named on the EOB, then resubmit",medium
RARC,N458,Needs: a required supporting report is missing or incomplete,fix_and_resubmit,"Send the report named on the EOB, then resubmit",medium
RARC,N459,Needs: a required supporting report is missing or incomplete,fix_and_resubmit,"Send the report named on the EOB, then resubmit",medium
RARC,N460,Needs: a required supporting report is missing or incomplete,fix_and_resubmit,"Send the report named on the EOB, then resubmit",medium
RARC,N461,Needs: a required supporting report is missing or incomplete,fix_and_resubmit,"Send the report named on the EOB, then resubmit",medium
RARC,N462,Needs: a required supporting report is missing or incomplete,fix_and_resubmit,"Send the report named on the EOB, then resubmit",medium
RARC,N463,Supporting documentation needed,fix_and_resubmit,Send supporting documents,high
RARC,N464,Needs: a required supporting report is missing or incomplete,fix_and_resubmit,"Send the report named on the EOB, then resubmit",medium
RARC,N465,Needs: a required supporting report is missing or incomplete,fix_and_resubmit,"Send the report named on the EOB, then resubmit",medium
RARC,N466,Needs: a required supporting report is missing or incomplete,fix_and_resubmit,"Send the report named on the EOB, then resubmit",medium
RARC,N467,Needs: a required supporting report is missing or incomplete,fix_and_resubmit,"Send the report named on the EOB, then resubmit",medium
RARC,N468,Needs: a required supporting report is missing or incomplete,fix_and_resubmit,"Send the report named on the EOB, then resubmit",medium
RARC,N469,Payer remark — meaning not confirmed; check the payer's explanation,other,Read the payer's EOB text or call the payer,low
RARC,N470,Payer remark — meaning not confirmed; check the payer's explanation,other,Read the payer's EOB text or call the payer,low
RARC,N471,Payer remark — meaning not confirmed; check the payer's explanation,other,Read the payer's EOB text or call the payer,low
RARC,N472,Info: payment for this service already went to another provider,timely_filing_or_duplicate,Find who was paid; appeal if that's wrong,medium
RARC,N473,Needs: a required supporting report is missing or incomplete,fix_and_resubmit,"Send the report named on the EOB, then resubmit",medium
RARC,N474,Needs: a required supporting report is missing or incomplete,fix_and_resubmit,"Send the report named on the EOB, then resubmit",medium
RARC,N475,Needs: a required supporting report is missing or incomplete,fix_and_resubmit,"Send the report named on the EOB, then resubmit",medium
RARC,N476,Needs: a required supporting report is missing or incomplete,fix_and_resubmit,"Send the report named on the EOB, then resubmit",medium
RARC,N477,Needs: a required supporting report is missing or incomplete,fix_and_resubmit,"Send the report named on the EOB, then resubmit",medium
RARC,N478,Needs: a required supporting report is missing or incomplete,fix_and_resubmit,"Send the report named on the EOB, then resubmit",medium
RARC,N479,Other payer's EOB needed,coordination_of_benefits,"Attach the other payer's EOB, resubmit",high
RARC,N480,Payer remark — meaning not confirmed; check the payer's explanation,other,Read the payer's EOB text or call the payer,low
RARC,N481,Payer remark — meaning not confirmed; check the payer's explanation,other,Read the payer's EOB text or call the payer,low
RARC,N482,Payer remark — meaning not confirmed; check the payer's explanation,other,Read the payer's EOB text or call the payer,low
RARC,N483,Payer remark — meaning not confirmed; check the payer's explanation,other,Read the payer's EOB text or call the payer,low
RARC,N484,Payer remark — meaning not confirmed; check the payer's explanation,other,Read the payer's EOB text or call the payer,low
RARC,N485,Needs: a required supporting report is missing or incomplete,fix_and_resubmit,"Send the report named on the EOB, then resubmit",medium
RARC,N486,Needs: a required supporting report is missing or incomplete,fix_and_resubmit,"Send the report named on the EOB, then resubmit",medium
RARC,N487,Payer remark — meaning not confirmed; check the payer's explanation,other,Read the payer's EOB text or call the payer,low
RARC,N488,Payer remark — meaning not confirmed; check the payer's explanation,other,Read the payer's EOB text or call the payer,low
RARC,N489,Payer remark — meaning not confirmed; check the payer's explanation,other,Read the payer's EOB text or call the payer,low
RARC,N490,Payer remark — meaning not confirmed; check the payer's explanation,other,Read the payer's EOB text or call the payer,low
RARC,N491,Payer remark — meaning not confirmed; check the payer's explanation,other,Read the payer's EOB text or call the payer,low
RARC,N492,Payer remark — meaning not confirmed; check the payer's explanation,other,Read the payer's EOB text or call the payer,low
RARC,N493,Needs: a required supporting report is missing or incomplete,fix_and_resubmit,"Send the report named on the EOB, then resubmit",medium
RARC,N494,Needs: a required supporting report is missing or incomplete,fix_and_resubmit,"Send the report named on the EOB, then resubmit",medium
RARC,N495,Needs: a required supporting report is missing or incomplete,fix_and_resubmit,"Send the report named on the EOB, then resubmit",medium
RARC,N496,Needs: a required supporting report is missing or incomplete,fix_and_resubmit,"Send the report named on the EOB, then resubmit",medium
RARC,N497,Needs: a required supporting report is missing or incomplete,fix_and_resubmit,"Send the report named on the EOB, then resubmit",medium
RARC,N498,Needs: a required supporting report is missing or incomplete,fix_and_resubmit,"Send the report named on the EOB, then resubmit",medium
RARC,N499,Needs: a required supporting report is missing or incomplete,fix_and_resubmit,"Send the report named on the EOB, then resubmit",medium
RARC,N500,Needs: a required supporting report is missing or incomplete,fix_and_resubmit,"Send the report named on the EOB, then resubmit",medium
RARC,N501,Needs: a required supporting report is missing or incomplete,fix_and_resubmit,"Send the report named on the EOB, then resubmit",medium
RARC,N502,Needs: a required supporting report is missing or incomplete,fix_and_resubmit,"Send the report named on the EOB, then resubmit",medium
RARC,N503,Needs: a required supporting report is missing or incomplete,fix_and_resubmit,"Send the report named on the EOB, then resubmit",medium
RARC,N504,Needs: a required supporting report is missing or incomplete,fix_and_resubmit,"Send the report named on the EOB, then resubmit",medium
RARC,N505,Info: only services estimable in real time are shown here,payer_info,Informational; act on the paired CARC,medium
RARC,N506,"Info: patient cost shown is an estimate, not final",payer_info,Treat as estimate; wait for final adjudication,medium
RARC,N507,Denied: plan's distance or travel requirement wasn't met,not_covered_or_medical_necessity,Check plan distance rules; appeal with justification,medium
RARC,N508,Info: real-time result showing patient's share for reported services,payer_info,Informational; act on the paired CARC,medium
RARC,N509,Info: note about patient's health spending account funds,payer_info,Informational; act on the paired CARC,medium
RARC,N510,Info: patient's spending account may lack funds for their share,patient_responsibility,Follow up with patient for any unpaid balance,high
RARC,N511,Info: note about patient's health spending account funds,payer_info,Informational; act on the paired CARC,medium
RARC,N512,Info: first remittance for a claim originally sent in real time,payer_info,Informational; act on the paired CARC,medium
RARC,N513,"Info: first remittance for a real-time claim, with changes",payer_info,Compare to the real-time result and reconcile,medium
RARC,N514,Payer remark — meaning not confirmed; check the payer's explanation,other,Read the payer's EOB text or call the payer,low
RARC,N515,Payer remark — meaning not confirmed; check the payer's explanation,other,Read the payer's EOB text or call the payer,low
RARC,N516,Rejected: NPI and tax ID on claim don't match payer records,provider_enrollment,Fix NPI/tax ID pairing or update enrollment; resubmit,medium
RARC,N517,Send a new claim with the requested info,fix_and_resubmit,Submit a new claim with the info,high
RARC,N518,Denied: oxygen equipment accessories aren't paid separately,bundled_or_included,Write off; included in oxygen equipment payment,medium
RARC,N519,Modifier combination not allowed,fix_and_resubmit,Fix modifiers and resubmit,high
RARC,N520,Info: payment came from patient's consumer spending account (HSA/FSA),payer_info,Post as patient payment from spending account,high
RARC,N521,Rejected: provider details don't match the payer's file,provider_enrollment,Align claim provider data with enrollment; resubmit,medium
RARC,N522,Already processed as a crossover claim,coordination_of_benefits,Don't rebill; watch the crossover,high
RARC,N523,Payer remark — meaning not confirmed; check the payer's explanation,other,Read the payer's EOB text or call the payer,low
RARC,N524,Info: this payment counts as payment in full,contractual_writeoff,Write off remaining balance; don't bill patient,medium
RARC,N525,Falls inside another service's global period,bundled_or_included,Write off or add modifier if unrelated,high
RARC,N526,Info: no recovery owed due to a coverage or employment condition,payer_info,Informational; act on the paired CARC,medium
RARC,N527,Info: paid as primary before the recovery demand arrived,coordination_of_benefits,Informational; act on the paired CARC,medium
RARC,N528,Denied: patient's coverage is for facility services only,coverage_or_eligibility,Bill the correct payer for professional services,medium
RARC,N529,Denied: patient's coverage is for professional services only,coverage_or_eligibility,Bill the correct payer for facility services,medium
RARC,N530,Info: no recovery owed due to a coverage or employment condition,payer_info,Informational; act on the paired CARC,medium
RARC,N531,Info: no recovery owed due to a coverage or employment condition,payer_info,Informational; act on the paired CARC,medium
RARC,N532,Info: no recovery owed due to a coverage or employment condition,payer_info,Informational; act on the paired CARC,medium
RARC,N533,Info: service at a tribal health facility under a tribal plan,payer_info,Informational; act on the paired CARC,medium
RARC,N534,Info: individual policy; no employer sponsors this plan,coordination_of_benefits,Informational; act on the paired CARC,medium
RARC,N535,Paid less: payment adjusted for place of service,contractual_writeoff,Verify POS code; correct and resubmit if wrong,high
RARC,N536,Patient owes: prior payer's patient share stands; we don't cover,patient_responsibility,Bill patient per primary payer's PR amounts,high
RARC,N537,Info: payer found no history of these services,payer_info,Verify claim was received; resubmit if needed,medium
RARC,N538,Denied: the facility must pay outside providers serving its residents,other,Bill the facility directly,medium
RARC,N539,Info: an appeal or waiver filed on your behalf was denied,payer_info,Review the denial; consider a further appeal,medium
RARC,N540,Adjusted: interrupted inpatient stay rule applied,contractual_writeoff,Check stay dates; combine stays if required,medium
RARC,N541,Rejected: insurance type code doesn't match payer records,fix_and_resubmit,Correct the insurance type code and resubmit,medium
RARC,N542,Needs: proof of income is missing,fix_and_resubmit,Send income verification and resubmit,medium
RARC,N543,Needs: proof of income is incomplete or unusable,fix_and_resubmit,Send complete income verification and resubmit,medium
RARC,N544,"Info: paid, but referring/ordering provider doesn't match records",provider_enrollment,Correct ordering provider data before future claims,medium
RARC,N545,Reduced: e-prescribing program penalty applied,contractual_writeoff,Write off; review e-prescribing program participation,medium
RARC,N546,Info: reflects an earlier e-prescribing program reduction,contractual_writeoff,Informational; act on the paired CARC,medium
RARC,N547,Info: a refund request on this claim was already processed,timely_filing_or_duplicate,Don't resend; reconcile against the earlier refund,medium
RARC,N548,Info: patient has met this year's deductible,payer_info,Informational; act on the paired CARC,medium
RARC,N549,Info: patient has reached this year's out-of-pocket maximum,payer_info,Stop collecting cost-share for rest of the year,medium
RARC,N550,Payer remark — meaning not confirmed; check the payer's explanation,other,Read the payer's EOB text or call the payer,low
RARC,N551,Adjusted: surgery center quality reporting reduction,contractual_writeoff,Write off; review quality reporting compliance,medium
RARC,N552,Info: prior withhold or bonus amount reversed,payer_info,Reconcile withhold/bonus against contract,high
RARC,N553,Adjusted: patient's low-income drug subsidy changed retroactively,coverage_or_eligibility,Recalculate patient share using the updated subsidy,medium
RARC,N554,Needs: family planning indicator missing or wrong,fix_and_resubmit,Add correct family planning indicator and resubmit,medium
RARC,N555,Needs: patient medication list is missing,fix_and_resubmit,Send the medication list and resubmit,medium
RARC,N556,Needs: patient medication list is incomplete,fix_and_resubmit,Send a complete medication list and resubmit,medium
RARC,N557,Denied: facility not certified for this type of mammography,provider_enrollment,Update facility mammography certification with the payer,medium
RARC,N558,Denied: facility not certified for this type of mammography,provider_enrollment,Update facility mammography certification with the payer,medium
RARC,N559,Payer remark — meaning not confirmed; check the payer's explanation,other,Read the payer's EOB text or call the payer,low
RARC,N560,Payer remark — meaning not confirmed; check the payer's explanation,other,Read the payer's EOB text or call the payer,low
RARC,N561,Payer remark — meaning not confirmed; check the payer's explanation,other,Read the payer's EOB text or call the payer,low
RARC,N562,Rejected: provider number differs from the admission notice,fix_and_resubmit,Match provider number to admission notice; resubmit,medium
RARC,N563,Denied: required advance notice of non-coverage not on file,not_covered_or_medical_necessity,Write off unless a signed advance notice exists,medium
RARC,N564,Payer remark — meaning not confirmed; check the payer's explanation,other,Read the payer's EOB text or call the payer,low
RARC,N565,Info: procedure code doesn't fit the service or date billed,fix_and_resubmit,Correct the procedure code and resubmit,medium
RARC,N566,Payer remark — meaning not confirmed; check the payer's explanation,other,Read the payer's EOB text or call the payer,low
RARC,N567,Denied: preventive care isn't covered under this plan,not_covered_or_medical_necessity,Check benefits; bill patient only if agreed beforehand,medium
RARC,N568,Info: first payment based on admission notice under bundled model,payer_info,Informational; act on the paired CARC,medium
RARC,N569,Denied: service not covered for the diagnosis reported,not_covered_or_medical_necessity,Check diagnosis coding; correct or appeal with records,high
RARC,N570,Needs: provider credentialing data missing or wrong,provider_enrollment,"Update credentialing with the payer, then resubmit",medium
RARC,N571,Info: another payer or contractor pays this quarterly,payer_info,Expect quarterly payment from the other payer,medium
RARC,N572,Needs reporting codes and modifiers to be paid,fix_and_resubmit,Add reporting codes/modifiers and resubmit,high
RARC,N573,Payer remark — meaning not confirmed; check the payer's explanation,other,Read the payer's EOB text or call the payer,low
RARC,N574,Denied: ordering/referring provider's type can't order this,provider_enrollment,Get a valid order or correct the ordering provider,medium
RARC,N575,Ordering/referring name doesn't match payer's file,provider_enrollment,"Match provider name to payer enrollment record, resubmit",high
RARC,N576,Denied: service unrelated to the reported accident/claim,coverage_or_eligibility,Bill patient's health plan; verify accident relationship,high
RARC,N577,Payer remark — meaning not confirmed; check the payer's explanation,other,Read the payer's EOB text or call the payer,low
RARC,N578,Denied: policy coverages don't apply to this loss,coverage_or_eligibility,Bill the patient's health insurance instead,medium
RARC,N579,Payer remark — meaning not confirmed; check the payer's explanation,other,Read the payer's EOB text or call the payer,low
RARC,N580,Info: decision based on the insurance policy's terms,payer_info,Informational; act on the paired CARC,medium
RARC,N581,Pending: payer is still checking coverage eligibility,coverage_or_eligibility,Follow up after the coverage decision,medium
RARC,N582,On hold: benefits paused until patient cooperates with payer,coverage_or_eligibility,Ask the patient to contact the insurer,medium
RARC,N583,Pending: possible pre-existing condition; prior records requested,coverage_or_eligibility,Send the past year of medical records,medium
RARC,N584,Denied: insured didn't comply with policy/statutory conditions,coverage_or_eligibility,Contact payer; bill health plan or patient per contract,high
RARC,N585,Payer remark — meaning not confirmed; check the payer's explanation,other,Read the payer's EOB text or call the payer,low
RARC,N586,Patient owes: the share Medicare would pay; not enrolled in Medicare,patient_responsibility,Bill patient for the Medicare-equivalent portion,medium
RARC,N587,Denied: patient's policy benefits are exhausted,coverage_or_eligibility,Bill secondary payer or patient per group code,high
RARC,N588,Payer remark — meaning not confirmed; check the payer's explanation,other,Read the payer's EOB text or call the payer,low
RARC,N589,Payer remark — meaning not confirmed; check the payer's explanation,other,Read the payer's EOB text or call the payer,low
RARC,N590,Payer remark — meaning not confirmed; check the payer's explanation,other,Read the payer's EOB text or call the payer,low
RARC,N591,Info: payment based on an independent exam or utilization review,payer_info,Informational; act on the paired CARC,medium
RARC,N592,"Reduced: not the first fill, or over the first-fill limit",not_covered_or_medical_necessity,Check fill history; appeal with justification if needed,medium
RARC,N593,Denied: patient missed a scheduled independent medical exam,coverage_or_eligibility,Patient must attend; ask carrier to reschedule,medium
RARC,N594,Denied: injured party hasn't filed a benefits application,coverage_or_eligibility,Ask patient to file the application with the insurer,medium
RARC,N595,Denied: injured party hasn't signed an assignment of benefits,coverage_or_eligibility,Get signed assignment of benefits; resubmit,medium
RARC,N596,Denied: injured party hasn't signed a medical authorization,coverage_or_eligibility,Have patient send signed authorization to insurer,medium
RARC,N597,Adjusted: care split between injury and unrelated conditions,other,Bill unrelated portion to health insurance,medium
RARC,N598,Info: patient's health plan is primary for this service,coordination_of_benefits,Bill the health plan first; then send its EOB here,high
RARC,N599,Payer remark — meaning not confirmed; check the payer's explanation,other,Read the payer's EOB text or call the payer,low
RARC,N600,Adjusted: paid using the regional fee schedule,contractual_writeoff,Write off difference per fee schedule,medium
RARC,N601,Adjusted: paid under a state-mandated fee schedule,contractual_writeoff,Write off difference per fee schedule,medium
RARC,N602,Payer remark — meaning not confirmed; check the payer's explanation,other,Read the payer's EOB text or call the payer,low
RARC,N603,Adjusted: paid under a state-mandated fee schedule,contractual_writeoff,Write off difference per fee schedule,medium
RARC,N604,Adjusted: paid under a state-mandated fee schedule,contractual_writeoff,Write off difference per fee schedule,medium
RARC,N605,Adjusted: paid under a state-mandated fee schedule,contractual_writeoff,Write off difference per fee schedule,medium
RARC,N606,Payer remark — meaning not confirmed; check the payer's explanation,other,Read the payer's EOB text or call the payer,low
RARC,N607,Denied: condition isn't compensable under this claim,coverage_or_eligibility,Bill patient's health plan; verify workers' comp/liability scope,high
RARC,N608,Payer remark — meaning not confirmed; check the payer's explanation,other,Read the payer's EOB text or call the payer,low
RARC,N609,Payer remark — meaning not confirmed; check the payer's explanation,other,Read the payer's EOB text or call the payer,low
RARC,N610,Payer remark — meaning not confirmed; check the payer's explanation,other,Read the payer's EOB text or call the payer,low
RARC,N611,Pending: claim is tied up in litigation,other,Call the insurer for status,medium
RARC,N612,Denied: provider not authorized to treat injured workers here,provider_enrollment,Get workers' comp certification for this jurisdiction,medium
RARC,N613,"Info: paid, but ordering provider must update their enrollment",provider_enrollment,Ask ordering provider to update enrollment record,medium
RARC,N614,Info: payer policy reference included in this remittance,payer_info,Informational; act on the paired CARC,medium
RARC,N615,"Info: Marketplace grace period; month 1 paid, later months may pend",coverage_or_eligibility,Recheck claims for months 2-3 after grace period,high
RARC,N616,Info: patient in first month of premium grace period,coverage_or_eligibility,No action; first-month claims are paid,high
RARC,N617,Pending: patient in month 2 or 3 of premium grace period,coverage_or_eligibility,Hold; recheck after grace period ends,high
RARC,N618,Payer remark — meaning not confirmed; check the payer's explanation,other,Read the payer's EOB text or call the payer,low
RARC,N619,Denied: coverage terminated for unpaid premium,coverage_or_eligibility,Verify eligibility; bill other coverage or patient,high
RARC,N620,Info: code is for quality reporting only; no payment,payer_info,No action; line is not payable,medium
RARC,N621,Payer remark — meaning not confirmed; check the payer's explanation,other,Read the payer's EOB text or call the payer,low
RARC,N622,Denied: not covered given the date of injury or accident,coverage_or_eligibility,Verify injury date; bill other coverage if correct,medium
RARC,N623,"Denied: treatment seen as unproven, outdated, or excessive",not_covered_or_medical_necessity,"Appeal with clinical evidence, or write off",medium
RARC,N624,Denied: the related workers' comp claim was withdrawn,coverage_or_eligibility,Bill the patient's health insurance instead,medium
RARC,N625,Needs: workers' comp claim number missing or wrong,fix_and_resubmit,Add correct claim number and resubmit,medium
RARC,N626,Denied: E/M visit not paid alongside chiropractic treatment codes,bundled_or_included,Write off unless a separate visit is documented,medium
RARC,N627,Denied: not payable under the managed care contract,contractual_writeoff,Check contract terms; write off if confirmed,medium
RARC,N628,Denied: follow-up visit same day as scheduled test or treatment,bundled_or_included,Write off; included with the scheduled service,medium
RARC,N629,Denied: payer didn't request these reports or records,not_covered_or_medical_necessity,Write off; don't bill unrequested reports,medium
RARC,N630,Denied: referral not approved by the attending physician,authorization_or_referral,Get the attending physician's referral and resubmit,medium
RARC,N631,Adjusted: code not on fee schedule; paid as similar service,contractual_writeoff,Write off difference or appeal with justification,medium
RARC,N632,Denied: fee schedule gives this service no payable value,contractual_writeoff,Write off,medium
RARC,N633,Reduced: extra anesthesia time units not allowed,contractual_writeoff,Write off the disallowed time units,medium
RARC,N634,Info: allowance calculated from anesthesia time units,payer_info,Informational; act on the paired CARC,medium
RARC,N635,Info: allowance calculated from anesthesia base plus time units,payer_info,Informational; act on the paired CARC,medium
RARC,N636,Denied: payable only once per injury,not_covered_or_medical_necessity,Write off; already paid for this injury,medium
RARC,N637,Denied: consult not allowed after same provider began treatment,not_covered_or_medical_necessity,Rebill as appropriate visit type if documented,medium
RARC,N638,Info: paid per the home health fee schedule,contractual_writeoff,Write off difference per fee schedule,medium
RARC,N639,Info: paid per the rehab facility fee schedule,contractual_writeoff,Write off difference per fee schedule,medium
RARC,N640,Over the allowed frequency for the period,not_covered_or_medical_necessity,Write off or appeal with records,high
RARC,N641,Adjusted: bilateral procedure payment rule applied,contractual_writeoff,Write off difference; check bilateral coding,medium
RARC,N642,Payer remark — meaning not confirmed; check the payer's explanation,other,Read the payer's EOB text or call the payer,low
RARC,N643,Payer remark — meaning not confirmed; check the payer's explanation,other,Read the payer's EOB text or call the payer,low
RARC,N644,Payer remark — meaning not confirmed; check the payer's explanation,other,Read the payer's EOB text or call the payer,low
RARC,N645,Info: payment includes a markup allowance,payer_info,Informational; act on the paired CARC,medium
RARC,N646,Paid less: assistant-provider payment rules applied,contractual_writeoff,Confirm assistant modifier; write off reduction if correct,high
RARC,N647,Adjusted: paid based on the diagnosis-related group (DRG),contractual_writeoff,Write off difference per DRG payment,medium
RARC,N648,Adjusted: stop-loss provision applied,contractual_writeoff,Review stop-loss terms; reconcile payment,medium
RARC,N649,Info: payment based on the supply invoice,payer_info,Informational; act on the paired CARC,medium
RARC,N650,Denied: policy wasn't in effect on the date of loss,coverage_or_eligibility,Verify coverage dates; bill correct payer or patient,high
RARC,N651,Denied: policy had no PIP or MedPay coverage at time of loss,coverage_or_eligibility,Bill the patient's health insurance instead,medium
RARC,N652,Denied: service date is before the date of loss,coverage_or_eligibility,Verify service and loss dates; correct if wrong,medium
RARC,N653,Rejected: injury date doesn't match the reported loss date,fix_and_resubmit,Correct the injury date and resubmit,medium
RARC,N654,Adjusted: patient reached maximum medical improvement,not_covered_or_medical_necessity,Bill other coverage or patient for further care,medium
RARC,N655,Info: payment adjusted for provider's geographic region,payer_info,Informational; act on the paired CARC,high
RARC,N656,Needs: provider license information must be updated with payer,provider_enrollment,"Update license details with the payer, then resubmit",medium
RARC,N657,"Use a different, appropriate code for this",fix_and_resubmit,Recode and resubmit,high
RARC,N658,Payer remark — meaning not confirmed; check the payer's explanation,other,Read the payer's EOB text or call the payer,low
RARC,N659,Payer remark — meaning not confirmed; check the payer's explanation,other,Read the payer's EOB text or call the payer,low
RARC,N660,Payer remark — meaning not confirmed; check the payer's explanation,other,Read the payer's EOB text or call the payer,low
RARC,N661,Payer remark — meaning not confirmed; check the payer's explanation,other,Read the payer's EOB text or call the payer,low
RARC,N662,Payer remark — meaning not confirmed; check the payer's explanation,other,Read the payer's EOB text or call the payer,low
RARC,N663,Payer remark — meaning not confirmed; check the payer's explanation,other,Read the payer's EOB text or call the payer,low
RARC,N664,Payer remark — meaning not confirmed; check the payer's explanation,other,Read the payer's EOB text or call the payer,low
RARC,N665,Payer remark — meaning not confirmed; check the payer's explanation,other,Read the payer's EOB text or call the payer,low
RARC,N666,Payer remark — meaning not confirmed; check the payer's explanation,other,Read the payer's EOB text or call the payer,low
RARC,N667,Payer remark — meaning not confirmed; check the payer's explanation,other,Read the payer's EOB text or call the payer,low
RARC,N668,Payer remark — meaning not confirmed; check the payer's explanation,other,Read the payer's EOB text or call the payer,low
RARC,N669,Info: allowed amount set by the Medicare fee schedule,payer_info,Verify against contract rate; follow paired CARC,high
RARC,N670,Payer remark — meaning not confirmed; check the payer's explanation,other,Read the payer's EOB text or call the payer,low
RARC,N671,Payer remark — meaning not confirmed; check the payer's explanation,other,Read the payer's EOB text or call the payer,low
RARC,N672,Payer remark — meaning not confirmed; check the payer's explanation,other,Read the payer's EOB text or call the payer,low
RARC,N673,Info: paid on outpatient per diem/factor or fee schedule,payer_info,Verify against contract; follow paired CARC,high
RARC,N674,Payer remark — meaning not confirmed; check the payer's explanation,other,Read the payer's EOB text or call the payer,low
RARC,N675,Payer remark — meaning not confirmed; check the payer's explanation,other,Read the payer's EOB text or call the payer,low
RARC,N676,Payer remark — meaning not confirmed; check the payer's explanation,other,Read the payer's EOB text or call the payer,low
RARC,N677,Payer remark — meaning not confirmed; check the payer's explanation,other,Read the payer's EOB text or call the payer,low
RARC,N678,Payer remark — meaning not confirmed; check the payer's explanation,other,Read the payer's EOB text or call the payer,low
RARC,N679,Payer remark — meaning not confirmed; check the payer's explanation,other,Read the payer's EOB text or call the payer,low
RARC,N680,Payer remark — meaning not confirmed; check the payer's explanation,other,Read the payer's EOB text or call the payer,low
RARC,N681,Payer remark — meaning not confirmed; check the payer's explanation,other,Read the payer's EOB text or call the payer,low
RARC,N682,Payer remark — meaning not confirmed; check the payer's explanation,other,Read the payer's EOB text or call the payer,low
RARC,N683,Needs: prior treatment documentation missing or invalid,fix_and_resubmit,Send prior treatment records; resubmit or appeal,high
RARC,N684,Payer remark — meaning not confirmed; check the payer's explanation,other,Read the payer's EOB text or call the payer,low
RARC,N685,Payer remark — meaning not confirmed; check the payer's explanation,other,Read the payer's EOB text or call the payer,low
RARC,N686,Needs: required questionnaire missing or invalid,fix_and_resubmit,Complete payer questionnaire; resubmit,high
RARC,N687,Payer remark — meaning not confirmed; check the payer's explanation,other,Read the payer's EOB text or call the payer,low
RARC,N688,Payer remark — meaning not confirmed; check the payer's explanation,other,Read the payer's EOB text or call the payer,low
RARC,N689,Payer remark — meaning not confirmed; check the payer's explanation,other,Read the payer's EOB text or call the payer,low
RARC,N690,Payer remark — meaning not confirmed; check the payer's explanation,other,Read the payer's EOB text or call the payer,low
RARC,N691,Payer remark — meaning not confirmed; check the payer's explanation,other,Read the payer's EOB text or call the payer,low
RARC,N692,Payer remark — meaning not confirmed; check the payer's explanation,other,Read the payer's EOB text or call the payer,low
RARC,N693,Payer remark — meaning not confirmed; check the payer's explanation,other,Read the payer's EOB text or call the payer,low
RARC,N694,Payer remark — meaning not confirmed; check the payer's explanation,other,Read the payer's EOB text or call the payer,low
RARC,N695,Payer remark — meaning not confirmed; check the payer's explanation,other,Read the payer's EOB text or call the payer,low
RARC,N696,Payer remark — meaning not confirmed; check the payer's explanation,other,Read the payer's EOB text or call the payer,low
RARC,N697,Payer remark — meaning not confirmed; check the payer's explanation,other,Read the payer's EOB text or call the payer,low
RARC,N698,Payer remark — meaning not confirmed; check the payer's explanation,other,Read the payer's EOB text or call the payer,low
RARC,N699,Payer remark — meaning not confirmed; check the payer's explanation,other,Read the payer's EOB text or call the payer,low
RARC,N700,Payer remark — meaning not confirmed; check the payer's explanation,other,Read the payer's EOB text or call the payer,low
RARC,N701,Payer remark — meaning not confirmed; check the payer's explanation,other,Read the payer's EOB text or call the payer,low
RARC,N702,Info: decided based on prior or pending claims for similar services,payer_info,Check claim history for overlap; appeal if not duplicate,high
RARC,N703,Payer remark — meaning not confirmed; check the payer's explanation,other,Read the payer's EOB text or call the payer,low
RARC,N704,Info: decision can't be appealed; resubmit with corrections instead,fix_and_resubmit,Correct the claim and resubmit; don't file appeal,high
RARC,N705,Needs: submitted documentation incomplete or invalid,fix_and_resubmit,"Send complete, legible records; resubmit or appeal",high
RARC,N706,Needs: supporting documentation missing,fix_and_resubmit,Send requested records or resubmit with documentation,high
RARC,N707,Payer remark — meaning not confirmed; check the payer's explanation,other,Read the payer's EOB text or call the payer,low
RARC,N708,Payer remark — meaning not confirmed; check the payer's explanation,other,Read the payer's EOB text or call the payer,low
RARC,N709,Payer remark — meaning not confirmed; check the payer's explanation,other,Read the payer's EOB text or call the payer,low
RARC,N710,Payer remark — meaning not confirmed; check the payer's explanation,other,Read the payer's EOB text or call the payer,low
RARC,N711,Payer remark — meaning not confirmed; check the payer's explanation,other,Read the payer's EOB text or call the payer,low
RARC,N712,Needs: summary document missing,fix_and_resubmit,Send the required summary; resubmit or appeal,high
RARC,N713,Payer remark — meaning not confirmed; check the payer's explanation,other,Read the payer's EOB text or call the payer,low
RARC,N714,Payer remark — meaning not confirmed; check the payer's explanation,other,Read the payer's EOB text or call the payer,low
RARC,N715,Payer remark — meaning not confirmed; check the payer's explanation,other,Read the payer's EOB text or call the payer,low
RARC,N716,Needs: patient chart missing,fix_and_resubmit,Send chart records; resubmit or appeal,high
RARC,N717,Payer remark — meaning not confirmed; check the payer's explanation,other,Read the payer's EOB text or call the payer,low
RARC,N718,Payer remark — meaning not confirmed; check the payer's explanation,other,Read the payer's EOB text or call the payer,low
RARC,N719,Payer remark — meaning not confirmed; check the payer's explanation,other,Read the payer's EOB text or call the payer,low
RARC,N720,Payer remark — meaning not confirmed; check the payer's explanation,other,Read the payer's EOB text or call the payer,low
RARC,N721,Payer remark — meaning not confirmed; check the payer's explanation,other,Read the payer's EOB text or call the payer,low
RARC,N722,Payer remark — meaning not confirmed; check the payer's explanation,other,Read the payer's EOB text or call the payer,low
RARC,N723,Payer remark — meaning not confirmed; check the payer's explanation,other,Read the payer's EOB text or call the payer,low
RARC,N724,Payer remark — meaning not confirmed; check the payer's explanation,other,Read the payer's EOB text or call the payer,low
RARC,N725,Payer remark — meaning not confirmed; check the payer's explanation,other,Read the payer's EOB text or call the payer,low
RARC,N726,Payer remark — meaning not confirmed; check the payer's explanation,other,Read the payer's EOB text or call the payer,low
RARC,N727,Payer remark — meaning not confirmed; check the payer's explanation,other,Read the payer's EOB text or call the payer,low
RARC,N728,Payer remark — meaning not confirmed; check the payer's explanation,other,Read the payer's EOB text or call the payer,low
RARC,N729,Payer remark — meaning not confirmed; check the payer's explanation,other,Read the payer's EOB text or call the payer,low
RARC,N730,Payer remark — meaning not confirmed; check the payer's explanation,other,Read the payer's EOB text or call the payer,low
RARC,N731,Payer remark — meaning not confirmed; check the payer's explanation,other,Read the payer's EOB text or call the payer,low
RARC,N732,Payer remark — meaning not confirmed; check the payer's explanation,other,Read the payer's EOB text or call the payer,low
RARC,N733,Payer remark — meaning not confirmed; check the payer's explanation,other,Read the payer's EOB text or call the payer,low
RARC,N734,Payer remark — meaning not confirmed; check the payer's explanation,other,Read the payer's EOB text or call the payer,low
RARC,N735,Payer remark — meaning not confirmed; check the payer's explanation,other,Read the payer's EOB text or call the payer,low
RARC,N736,Payer remark — meaning not confirmed; check the payer's explanation,other,Read the payer's EOB text or call the payer,low
RARC,N737,Payer remark — meaning not confirmed; check the payer's explanation,other,Read the payer's EOB text or call the payer,low
RARC,N738,Payer remark — meaning not confirmed; check the payer's explanation,other,Read the payer's EOB text or call the payer,low
RARC,N739,Payer remark — meaning not confirmed; check the payer's explanation,other,Read the payer's EOB text or call the payer,low
RARC,N740,Patient owes: spending account lacked funds for patient share,patient_responsibility,Bill patient for PR balance not paid by account,high
RARC,N741,Payer remark — meaning not confirmed; check the payer's explanation,other,Read the payer's EOB text or call the payer,low
RARC,N742,Payer remark — meaning not confirmed; check the payer's explanation,other,Read the payer's EOB text or call the payer,low
RARC,N743,Payer remark — meaning not confirmed; check the payer's explanation,other,Read the payer's EOB text or call the payer,low
RARC,N744,Payer remark — meaning not confirmed; check the payer's explanation,other,Read the payer's EOB text or call the payer,low
RARC,N745,Payer remark — meaning not confirmed; check the payer's explanation,other,Read the payer's EOB text or call the payer,low
RARC,N746,Payer remark — meaning not confirmed; check the payer's explanation,other,Read the payer's EOB text or call the payer,low
RARC,N747,Payer remark — meaning not confirmed; check the payer's explanation,other,Read the payer's EOB text or call the payer,low
RARC,N748,Payer remark — meaning not confirmed; check the payer's explanation,other,Read the payer's EOB text or call the payer,low
RARC,N749,Payer remark — meaning not confirmed; check the payer's explanation,other,Read the payer's EOB text or call the payer,low
RARC,N750,Payer remark — meaning not confirmed; check the payer's explanation,other,Read the payer's EOB text or call the payer,low
RARC,N751,Payer remark — meaning not confirmed; check the payer's explanation,other,Read the payer's EOB text or call the payer,low
RARC,N752,Payer remark — meaning not confirmed; check the payer's explanation,other,Read the payer's EOB text or call the payer,low
RARC,N753,Payer remark — meaning not confirmed; check the payer's explanation,other,Read the payer's EOB text or call the payer,low
RARC,N754,Payer remark — meaning not confirmed; check the payer's explanation,other,Read the payer's EOB text or call the payer,low
RARC,N755,Payer remark — meaning not confirmed; check the payer's explanation,other,Read the payer's EOB text or call the payer,low
RARC,N756,Payer remark — meaning not confirmed; check the payer's explanation,other,Read the payer's EOB text or call the payer,low
RARC,N757,Payer remark — meaning not confirmed; check the payer's explanation,other,Read the payer's EOB text or call the payer,low
RARC,N758,Payer remark — meaning not confirmed; check the payer's explanation,other,Read the payer's EOB text or call the payer,low
RARC,N759,Payer remark — meaning not confirmed; check the payer's explanation,other,Read the payer's EOB text or call the payer,low
RARC,N760,Payer remark — meaning not confirmed; check the payer's explanation,other,Read the payer's EOB text or call the payer,low
RARC,N761,Payer remark — meaning not confirmed; check the payer's explanation,other,Read the payer's EOB text or call the payer,low
RARC,N762,Payer remark — meaning not confirmed; check the payer's explanation,other,Read the payer's EOB text or call the payer,low
RARC,N763,Payer remark — meaning not confirmed; check the payer's explanation,other,Read the payer's EOB text or call the payer,low
RARC,N764,Payer remark — meaning not confirmed; check the payer's explanation,other,Read the payer's EOB text or call the payer,low
RARC,N765,Payer remark — meaning not confirmed; check the payer's explanation,other,Read the payer's EOB text or call the payer,low
RARC,N766,Payer remark — meaning not confirmed; check the payer's explanation,other,Read the payer's EOB text or call the payer,low
RARC,N767,Denied: must enroll in member's state Medicaid program first,provider_enrollment,Enroll with that state's Medicaid; then resubmit,high
RARC,N768,Payer remark — meaning not confirmed; check the payer's explanation,other,Read the payer's EOB text or call the payer,low
RARC,N769,Needs: diagnosis code must specify laterality,fix_and_resubmit,Use side-specific ICD-10 code; resubmit,high
RARC,N770,Info: your adjustment request was processed and the claim reprocessed,payer_info,Review new payment; reconcile against original claim,high
RARC,N771,Payer remark — meaning not confirmed; check the payer's explanation,other,Read the payer's EOB text or call the payer,low
RARC,N772,Payer remark — meaning not confirmed; check the payer's explanation,other,Read the payer's EOB text or call the payer,low
RARC,N773,Payer remark — meaning not confirmed; check the payer's explanation,other,Read the payer's EOB text or call the payer,low
RARC,N774,Payer remark — meaning not confirmed; check the payer's explanation,other,Read the payer's EOB text or call the payer,low
RARC,N775,Payer remark — meaning not confirmed; check the payer's explanation,other,Read the payer's EOB text or call the payer,low
RARC,N776,Payer remark — meaning not confirmed; check the payer's explanation,other,Read the payer's EOB text or call the payer,low
RARC,N777,Payer remark — meaning not confirmed; check the payer's explanation,other,Read the payer's EOB text or call the payer,low
RARC,N778,Payer remark — meaning not confirmed; check the payer's explanation,other,Read the payer's EOB text or call the payer,low
RARC,N779,Denied: original claim not final; can't replace or void yet,timely_filing_or_duplicate,"Wait for original to finalize, then resubmit replacement",high
RARC,N780,Payer remark — meaning not confirmed; check the payer's explanation,other,Read the payer's EOB text or call the payer,low
RARC,N781,Don't bill patient: QMB/Medicaid enrollee; deductible can't be collected,contractual_writeoff,Refund any deductible collected; bill Medicaid as secondary,high
RARC,N782,Don't bill patient: QMB/Medicaid enrollee; coinsurance can't be collected,contractual_writeoff,Refund any coinsurance collected; bill Medicaid as secondary,high
RARC,N783,Don't bill patient: QMB/Medicaid enrollee; copay can't be collected,contractual_writeoff,Refund any copay collected; bill Medicaid as secondary,high
RARC,N784,Payer remark — meaning not confirmed; check the payer's explanation,other,Read the payer's EOB text or call the payer,low
RARC,N785,Payer remark — meaning not confirmed; check the payer's explanation,other,Read the payer's EOB text or call the payer,low
RARC,N786,Payer remark — meaning not confirmed; check the payer's explanation,other,Read the payer's EOB text or call the payer,low
RARC,N787,Payer remark — meaning not confirmed; check the payer's explanation,other,Read the payer's EOB text or call the payer,low
RARC,N788,Payer remark — meaning not confirmed; check the payer's explanation,other,Read the payer's EOB text or call the payer,low
RARC,N789,Payer remark — meaning not confirmed; check the payer's explanation,other,Read the payer's EOB text or call the payer,low
RARC,N790,Payer remark — meaning not confirmed; check the payer's explanation,other,Read the payer's EOB text or call the payer,low
RARC,N791,Payer remark — meaning not confirmed; check the payer's explanation,other,Read the payer's EOB text or call the payer,low
RARC,N792,Payer remark — meaning not confirmed; check the payer's explanation,other,Read the payer's EOB text or call the payer,low
RARC,N793,Payer remark — meaning not confirmed; check the payer's explanation,other,Read the payer's EOB text or call the payer,low
RARC,N794,Payer remark — meaning not confirmed; check the payer's explanation,other,Read the payer's EOB text or call the payer,low
RARC,N795,Payer remark — meaning not confirmed; check the payer's explanation,other,Read the payer's EOB text or call the payer,low
RARC,N796,Payer remark — meaning not confirmed; check the payer's explanation,other,Read the payer's EOB text or call the payer,low
RARC,N797,Payer remark — meaning not confirmed; check the payer's explanation,other,Read the payer's EOB text or call the payer,low
RARC,N798,Payer remark — meaning not confirmed; check the payer's explanation,other,Read the payer's EOB text or call the payer,low
RARC,N799,Payer remark — meaning not confirmed; check the payer's explanation,other,Read the payer's EOB text or call the payer,low
RARC,N800,Payer remark — meaning not confirmed; check the payer's explanation,other,Read the payer's EOB text or call the payer,low
RARC,N801,Payer remark — meaning not confirmed; check the payer's explanation,other,Read the payer's EOB text or call the payer,low
RARC,N802,Payer remark — meaning not confirmed; check the payer's explanation,other,Read the payer's EOB text or call the payer,low
RARC,N803,Denied: bill the contracted medical group or hospital instead,coordination_of_benefits,Send claim to responsible medical group/IPA or hospital,high
RARC,N804,Payer remark — meaning not confirmed; check the payer's explanation,other,Read the payer's EOB text or call the payer,low
RARC,N805,Payer remark — meaning not confirmed; check the payer's explanation,other,Read the payer's EOB text or call the payer,low
RARC,N806,Payer remark — meaning not confirmed; check the payer's explanation,other,Read the payer's EOB text or call the payer,low
RARC,N807,Paid less/more: MIPS performance adjustment applied to payment,contractual_writeoff,Post adjustment; review MIPS score; can't bill patient,high
RARC,N808,Payer remark — meaning not confirmed; check the payer's explanation,other,Read the payer's EOB text or call the payer,low
RARC,N809,Payer remark — meaning not confirmed; check the payer's explanation,other,Read the payer's EOB text or call the payer,low
RARC,N810,Payer remark — meaning not confirmed; check the payer's explanation,other,Read the payer's EOB text or call the payer,low
RARC,N811,Payer remark — meaning not confirmed; check the payer's explanation,other,Read the payer's EOB text or call the payer,low
RARC,N812,Payer remark — meaning not confirmed; check the payer's explanation,other,Read the payer's EOB text or call the payer,low
RARC,N815,Needs: NDC unit count missing or invalid,fix_and_resubmit,Add correct NDC quantity; resubmit corrected claim,high
RARC,N816,Needs: NDC unit of measure missing or invalid,fix_and_resubmit,Add correct NDC unit qualifier (UN/ML/GR/F2); resubmit,high
RARC,N817,Payer remark — meaning not confirmed; check the payer's explanation,other,Read the payer's EOB text or call the payer,low
RARC,N818,Payer remark — meaning not confirmed; check the payer's explanation,other,Read the payer's EOB text or call the payer,low
RARC,N819,Payer remark — meaning not confirmed; check the payer's explanation,other,Read the payer's EOB text or call the payer,low
RARC,N820,Payer remark — meaning not confirmed; check the payer's explanation,other,Read the payer's EOB text or call the payer,low
RARC,N821,Payer remark — meaning not confirmed; check the payer's explanation,other,Read the payer's EOB text or call the payer,low
RARC,N822,Needs: required procedure modifier is missing,fix_and_resubmit,Add the required modifier; resubmit corrected claim,high
RARC,N823,Needs: procedure modifier is invalid or incomplete,fix_and_resubmit,Correct the modifier on the line; resubmit corrected claim,high
RARC,N824,Payer remark — meaning not confirmed; check the payer's explanation,other,Read the payer's EOB text or call the payer,low
RARC,N825,Payer remark — meaning not confirmed; check the payer's explanation,other,Read the payer's EOB text or call the payer,low
RARC,N826,Payer remark — meaning not confirmed; check the payer's explanation,other,Read the payer's EOB text or call the payer,low
RARC,N827,Payer remark — meaning not confirmed; check the payer's explanation,other,Read the payer's EOB text or call the payer,low
RARC,N828,Payer remark — meaning not confirmed; check the payer's explanation,other,Read the payer's EOB text or call the payer,low
RARC,N829,Payer remark — meaning not confirmed; check the payer's explanation,other,Read the payer's EOB text or call the payer,low
RARC,N830,Don't bill patient: No Surprises Act applied; only PR amounts collectible,contractual_writeoff,Collect PR only; refund overpayment; dispute via IDR if warranted,high
RARC,N831,Payer remark — meaning not confirmed; check the payer's explanation,other,Read the payer's EOB text or call the payer,low
RARC,N832,Payer remark — meaning not confirmed; check the payer's explanation,other,Read the payer's EOB text or call the payer,low
RARC,N833,Payer remark — meaning not confirmed; check the payer's explanation,other,Read the payer's EOB text or call the payer,low
RARC,N834,Payer remark — meaning not confirmed; check the payer's explanation,other,Read the payer's EOB text or call the payer,low
RARC,N835,Payer remark — meaning not confirmed; check the payer's explanation,other,Read the payer's EOB text or call the payer,low
RARC,N836,Needs: W-9 or payee registration not on file with payer,provider_enrollment,Submit W-9/payee registration to payer; then resubmit,high
RARC,N837,Info: payer added a missing modifier when processing,payer_info,Verify added modifier is correct; fix future claims,high
RARC,N838,Payer remark — meaning not confirmed; check the payer's explanation,other,Read the payer's EOB text or call the payer,low
RARC,N839,Payer remark — meaning not confirmed; check the payer's explanation,other,Read the payer's EOB text or call the payer,low
RARC,N840,Payer remark — meaning not confirmed; check the payer's explanation,other,Read the payer's EOB text or call the payer,low
RARC,N841,Payer remark — meaning not confirmed; check the payer's explanation,other,Read the payer's EOB text or call the payer,low
RARC,N842,Payer remark — meaning not confirmed; check the payer's explanation,other,Read the payer's EOB text or call the payer,low
RARC,N843,Payer remark — meaning not confirmed; check the payer's explanation,other,Read the payer's EOB text or call the payer,low
RARC,N844,Payer remark — meaning not confirmed; check the payer's explanation,other,Read the payer's EOB text or call the payer,low
RARC,N845,Payer remark — meaning not confirmed; check the payer's explanation,other,Read the payer's EOB text or call the payer,low
RARC,N846,Needs: NDC doesn't match the billed HCPCS/CPT drug code,fix_and_resubmit,Correct NDC or drug code so they match; resubmit,high
RARC,N847,Payer remark — meaning not confirmed; check the payer's explanation,other,Read the payer's EOB text or call the payer,low
RARC,N848,Payer remark — meaning not confirmed; check the payer's explanation,other,Read the payer's EOB text or call the payer,low
RARC,N849,Payer remark — meaning not confirmed; check the payer's explanation,other,Read the payer's EOB text or call the payer,low
RARC,N850,Payer remark — meaning not confirmed; check the payer's explanation,other,Read the payer's EOB text or call the payer,low
RARC,N851,Payer remark — meaning not confirmed; check the payer's explanation,other,Read the payer's EOB text or call the payer,low
RARC,N852,Payer remark — meaning not confirmed; check the payer's explanation,other,Read the payer's EOB text or call the payer,low
RARC,N853,Payer remark — meaning not confirmed; check the payer's explanation,other,Read the payer's EOB text or call the payer,low
RARC,N854,Payer remark — meaning not confirmed; check the payer's explanation,other,Read the payer's EOB text or call the payer,low
RARC,N855,Payer remark — meaning not confirmed; check the payer's explanation,other,Read the payer's EOB text or call the payer,low
RARC,N856,Payer remark — meaning not confirmed; check the payer's explanation,other,Read the payer's EOB text or call the payer,low
RARC,N857,Payer remark — meaning not confirmed; check the payer's explanation,other,Read the payer's EOB text or call the payer,low
RARC,N858,Payer remark — meaning not confirmed; check the payer's explanation,other,Read the payer's EOB text or call the payer,low
RARC,N859,Don't bill patient: No Surprises Act applied; limit patient to PR,contractual_writeoff,Collect PR only; use federal IDR to dispute payment,high
RARC,N860,Payer remark — meaning not confirmed; check the payer's explanation,other,Read the payer's EOB text or call the payer,low
RARC,N861,Payer remark — meaning not confirmed; check the payer's explanation,other,Read the payer's EOB text or call the payer,low
RARC,N862,Payer remark — meaning not confirmed; check the payer's explanation,other,Read the payer's EOB text or call the payer,low
RARC,N863,Payer remark — meaning not confirmed; check the payer's explanation,other,Read the payer's EOB text or call the payer,low
RARC,N864,Payer remark — meaning not confirmed; check the payer's explanation,other,Read the payer's EOB text or call the payer,low
RARC,N865,Payer remark — meaning not confirmed; check the payer's explanation,other,Read the payer's EOB text or call the payer,low
RARC,N866,Payer remark — meaning not confirmed; check the payer's explanation,other,Read the payer's EOB text or call the payer,low
RARC,N867,Payer remark — meaning not confirmed; check the payer's explanation,other,Read the payer's EOB text or call the payer,low
RARC,N868,Payer remark — meaning not confirmed; check the payer's explanation,other,Read the payer's EOB text or call the payer,low
RARC,N869,Payer remark — meaning not confirmed; check the payer's explanation,other,Read the payer's EOB text or call the payer,low
RARC,N870,Payer remark — meaning not confirmed; check the payer's explanation,other,Read the payer's EOB text or call the payer,low
RARC,N871,Payer remark — meaning not confirmed; check the payer's explanation,other,Read the payer's EOB text or call the payer,low
RARC,N872,Don't bill patient: No Surprises Act payment set by state law,contractual_writeoff,"Collect PR only; dispute under state process, not federal IDR",high
RARC,N873,Payer remark — meaning not confirmed; check the payer's explanation,other,Read the payer's EOB text or call the payer,low
RARC,N874,Payer remark — meaning not confirmed; check the payer's explanation,other,Read the payer's EOB text or call the payer,low
RARC,N875,Payer remark — meaning not confirmed; check the payer's explanation,other,Read the payer's EOB text or call the payer,low
RARC,N876,Payer remark — meaning not confirmed; check the payer's explanation,other,Read the payer's EOB text or call the payer,low
RARC,N877,Payer remark — meaning not confirmed; check the payer's explanation,other,Read the payer's EOB text or call the payer,low
RARC,N878,Payer remark — meaning not confirmed; check the payer's explanation,other,Read the payer's EOB text or call the payer,low
RARC,N879,Payer remark — meaning not confirmed; check the payer's explanation,other,Read the payer's EOB text or call the payer,low
RARC,N880,Payer remark — meaning not confirmed; check the payer's explanation,other,Read the payer's EOB text or call the payer,low
RARC,N881,Payer remark — meaning not confirmed; check the payer's explanation,other,Read the payer's EOB text or call the payer,low
RARC,N882,Payer remark — meaning not confirmed; check the payer's explanation,other,Read the payer's EOB text or call the payer,low
RARC,N883,Payer remark — meaning not confirmed; check the payer's explanation,other,Read the payer's EOB text or call the payer,low
RARC,N884,Payer remark — meaning not confirmed; check the payer's explanation,other,Read the payer's EOB text or call the payer,low
RARC,N885,Payer remark — meaning not confirmed; check the payer's explanation,other,Read the payer's EOB text or call the payer,low
RARC,N886,Payer remark — meaning not confirmed; check the payer's explanation,other,Read the payer's EOB text or call the payer,low
RARC,N887,Payer remark — meaning not confirmed; check the payer's explanation,other,Read the payer's EOB text or call the payer,low
RARC,N888,Payer remark — meaning not confirmed; check the payer's explanation,other,Read the payer's EOB text or call the payer,low
RARC,N889,Payer remark — meaning not confirmed; check the payer's explanation,other,Read the payer's EOB text or call the payer,low
RARC,N890,Payer remark — meaning not confirmed; check the payer's explanation,other,Read the payer's EOB text or call the payer,low
RARC,N891,Payer remark — meaning not confirmed; check the payer's explanation,other,Read the payer's EOB text or call the payer,low
RARC,N892,Payer remark — meaning not confirmed; check the payer's explanation,other,Read the payer's EOB text or call the payer,low
RARC,N893,Payer remark — meaning not confirmed; check the payer's explanation,other,Read the payer's EOB text or call the payer,low
RARC,N894,Payer remark — meaning not confirmed; check the payer's explanation,other,Read the payer's EOB text or call the payer,low
RARC,N895,Payer remark — meaning not confirmed; check the payer's explanation,other,Read the payer's EOB text or call the payer,low
RARC,N896,Payer remark — meaning not confirmed; check the payer's explanation,other,Read the payer's EOB text or call the payer,low
RARC,N897,Payer remark — meaning not confirmed; check the payer's explanation,other,Read the payer's EOB text or call the payer,low
RARC,N898,Payer remark — meaning not confirmed; check the payer's explanation,other,Read the payer's EOB text or call the payer,low
RARC,N899,Payer remark — meaning not confirmed; check the payer's explanation,other,Read the payer's EOB text or call the payer,low
RARC,N900,Payer remark — meaning not confirmed; check the payer's explanation,other,Read the payer's EOB text or call the payer,low
RARC,N901,Payer remark — meaning not confirmed; check the payer's explanation,other,Read the payer's EOB text or call the payer,low
RARC,N902,Payer remark — meaning not confirmed; check the payer's explanation,other,Read the payer's EOB text or call the payer,low
RARC,N903,Payer remark — meaning not confirmed; check the payer's explanation,other,Read the payer's EOB text or call the payer,low
RARC,N904,Payer remark — meaning not confirmed; check the payer's explanation,other,Read the payer's EOB text or call the payer,low
RARC,N905,Payer remark — meaning not confirmed; check the payer's explanation,other,Read the payer's EOB text or call the payer,low
RARC,N906,Payer remark — meaning not confirmed; check the payer's explanation,other,Read the payer's EOB text or call the payer,low
RARC,N907,Payer remark — meaning not confirmed; check the payer's explanation,other,Read the payer's EOB text or call the payer,low
RARC,N908,Payer remark — meaning not confirmed; check the payer's explanation,other,Read the payer's EOB text or call the payer,low
RARC,N909,Payer remark — meaning not confirmed; check the payer's explanation,other,Read the payer's EOB text or call the payer,low
RARC,N910,Payer remark — meaning not confirmed; check the payer's explanation,other,Read the payer's EOB text or call the payer,low
RARC,N911,Payer remark — meaning not confirmed; check the payer's explanation,other,Read the payer's EOB text or call the payer,low
